"日期","渠道","注册数"
"2017-07-01","","1"
"2017-07-01","anzhi","1"
"2017-07-01","AppStore","534"
"2017-07-01","haidaikuan-anzhi","1"
"2017-07-01","haidaikuan-baidu","9"
"2017-07-01","haidaikuan-mumayi","1"
"2017-07-01","haidaikuan-oppo","132"
"2017-07-01","haidaikuan-sougou","6"
"2017-07-01","haidaikuan-vivo","70"
"2017-07-01","haidaikuan-yyb","427"
"2017-07-01","haijieqian-360","43"
"2017-07-01","haijieqian-anzhi","1"
"2017-07-01","haijieqian-baidu","16"
"2017-07-01","haijieqian-hjieqian","1"
"2017-07-01","haijieqian-jq-haohaojie","2"
"2017-07-01","haijieqian-jq-laijiezhijia","10"
"2017-07-01","haijieqian-jq-shundai","20"
"2017-07-01","haijieqian-oppo","100"
"2017-07-01","haijieqian-sougou","5"
"2017-07-01","haijieqian-vivo","111"
"2017-07-01","haijieqian-wandoujia","188"
"2017-07-01","haijieqian-xiaomi","30"
"2017-07-01","haijieqian-yyb","274"
"2017-07-01","hjieqian","9"
"2017-07-01","jq-","25"
"2017-07-01","jq-daikuanshequ","1"
"2017-07-01","jq-haohaojie","8"
"2017-07-01","jq-jieqiankuaiche","1"
"2017-07-01","jq-laijiezhijia","143"
"2017-07-01","jq-shunda","768"
"2017-07-01","jq-shundai","142"
"2017-07-01","jq-wangdaixiaomao","4"
"2017-07-01","kuaijiekuan-anzhi","2"
"2017-07-01","kuaijiekuan-baidu","2"
"2017-07-01","kuaijiekuan-huawei","4"
"2017-07-01","kuaijiekuan-oppo","24"
"2017-07-01","kuaijiekuan-vivo","18"
"2017-07-01","kuaijiekuan-yyb","58"
"2017-07-02","","2"
"2017-07-02","anzhi","1"
"2017-07-02","AppStore","530"
"2017-07-02","haidaikuan-anzhi","4"
"2017-07-02","haidaikuan-baidu","7"
"2017-07-02","haidaikuan-oppo","125"
"2017-07-02","haidaikuan-sougou","7"
"2017-07-02","haidaikuan-vivo","63"
"2017-07-02","haidaikuan-yyb","430"
"2017-07-02","haijieqian-360","40"
"2017-07-02","haijieqian-anzhi","3"
"2017-07-02","haijieqian-baidu","23"
"2017-07-02","haijieqian-hjieqian","1"
"2017-07-02","haijieqian-jq-laijiezhijia","7"
"2017-07-02","haijieqian-jq-shundai","24"
"2017-07-02","haijieqian-jq-wangdaixiaomao","2"
"2017-07-02","haijieqian-oppo","110"
"2017-07-02","haijieqian-sougou","5"
"2017-07-02","haijieqian-vivo","132"
"2017-07-02","haijieqian-wandoujia","184"
"2017-07-02","haijieqian-xiaomi","36"
"2017-07-02","haijieqian-yyb","288"
"2017-07-02","hjieqian","7"
"2017-07-02","jq-","26"
"2017-07-02","jq-daikuanshequ","1"
"2017-07-02","jq-haohaojie","9"
"2017-07-02","jq-kuailaiqian","2"
"2017-07-02","jq-laijiezhijia","117"
"2017-07-02","jq-qianxin","1"
"2017-07-02","jq-shunda","799"
"2017-07-02","jq-shundai","119"
"2017-07-02","jq-wangdaixiaomao","3"
"2017-07-02","jq-yinhangdai","2"
"2017-07-02","kuaijiekuan-anzhi","3"
"2017-07-02","kuaijiekuan-baidu","2"
"2017-07-02","kuaijiekuan-huawei","6"
"2017-07-02","kuaijiekuan-oppo","26"
"2017-07-02","kuaijiekuan-vivo","14"
"2017-07-02","kuaijiekuan-yyb","49"
"2017-07-03","anzhi","3"
"2017-07-03","AppStore","501"
"2017-07-03","haidaikuan-anzhi","3"
"2017-07-03","haidaikuan-baidu","10"
"2017-07-03","haidaikuan-oppo","160"
"2017-07-03","haidaikuan-sougou","6"
"2017-07-03","haidaikuan-vivo","62"
"2017-07-03","haidaikuan-yyb","449"
"2017-07-03","haijieqian-360","36"
"2017-07-03","haijieqian-anzhi","3"
"2017-07-03","haijieqian-baidu","22"
"2017-07-03","haijieqian-hjieqian","1"
"2017-07-03","haijieqian-jq-daikuanshequ","1"
"2017-07-03","haijieqian-jq-haohaojie","1"
"2017-07-03","haijieqian-jq-laijiezhijia","12"
"2017-07-03","haijieqian-jq-shundai","28"
"2017-07-03","haijieqian-oppo","113"
"2017-07-03","haijieqian-sougou","2"
"2017-07-03","haijieqian-vivo","99"
"2017-07-03","haijieqian-wandoujia","201"
"2017-07-03","haijieqian-xiaomi","29"
"2017-07-03","haijieqian-yyb","334"
"2017-07-03","hjieqian","3"
"2017-07-03","jq-","12"
"2017-07-03","jq-daikuanshequ","3"
"2017-07-03","jq-haohaojie","9"
"2017-07-03","jq-laijiezhijia","144"
"2017-07-03","jq-qianxin","1"
"2017-07-03","jq-shunda","826"
"2017-07-03","jq-shundai","160"
"2017-07-03","jq-wangdaixiaomao","4"
"2017-07-03","jq-yingyanqianbao","1"
"2017-07-03","jq-yinhangdai","1"
"2017-07-03","kuaijiekuan-anzhi","1"
"2017-07-03","kuaijiekuan-baidu","3"
"2017-07-03","kuaijiekuan-huawei","6"
"2017-07-03","kuaijiekuan-oppo","37"
"2017-07-03","kuaijiekuan-sougou","2"
"2017-07-03","kuaijiekuan-vivo","22"
"2017-07-03","kuaijiekuan-yyb","43"
"2017-07-04","AppStore","504"
"2017-07-04","haidaikuan-anzhi","1"
"2017-07-04","haidaikuan-baidu","12"
"2017-07-04","haidaikuan-oppo","131"
"2017-07-04","haidaikuan-sougou","5"
"2017-07-04","haidaikuan-vivo","53"
"2017-07-04","haidaikuan-yyb","345"
"2017-07-04","haijieqian-360","30"
"2017-07-04","haijieqian-anzhi","1"
"2017-07-04","haijieqian-baidu","20"
"2017-07-04","haijieqian-hjieqian","3"
"2017-07-04","haijieqian-jq-daikuanshequ","2"
"2017-07-04","haijieqian-jq-haohaojie","1"
"2017-07-04","haijieqian-jq-laijiezhijia","18"
"2017-07-04","haijieqian-jq-shundai","22"
"2017-07-04","haijieqian-kongzhongloan01","1"
"2017-07-04","haijieqian-oppo","91"
"2017-07-04","haijieqian-sougou","3"
"2017-07-04","haijieqian-vivo","79"
"2017-07-04","haijieqian-wandoujia","198"
"2017-07-04","haijieqian-xiaomi","38"
"2017-07-04","haijieqian-yyb","305"
"2017-07-04","hjieqian","13"
"2017-07-04","jq-","16"
"2017-07-04","jq-haohaojie","2"
"2017-07-04","jq-laijiezhijia","155"
"2017-07-04","jq-rongyitui","1"
"2017-07-04","jq-shunda","730"
"2017-07-04","jq-shundai","121"
"2017-07-04","jq-wangdaixiaomao","2"
"2017-07-04","jq-yingyanqianbao","1"
"2017-07-04","jq-yinhangdai","1"
"2017-07-04","kuaijiekuan-anzhi","1"
"2017-07-04","kuaijiekuan-baidu","4"
"2017-07-04","kuaijiekuan-huawei","10"
"2017-07-04","kuaijiekuan-oppo","27"
"2017-07-04","kuaijiekuan-sougou","2"
"2017-07-04","kuaijiekuan-vivo","9"
"2017-07-04","kuaijiekuan-yyb","27"
"2017-07-05","AppStore","503"
"2017-07-05","haidaikuan-anzhi","2"
"2017-07-05","haidaikuan-baidu","9"
"2017-07-05","haidaikuan-oppo","124"
"2017-07-05","haidaikuan-sougou","4"
"2017-07-05","haidaikuan-vivo","59"
"2017-07-05","haidaikuan-yyb","387"
"2017-07-05","haijieqian-360","39"
"2017-07-05","haijieqian-anzhi","3"
"2017-07-05","haijieqian-baidu","15"
"2017-07-05","haijieqian-hjieqian","2"
"2017-07-05","haijieqian-jq-haohaojie","1"
"2017-07-05","haijieqian-jq-laijiezhijia","10"
"2017-07-05","haijieqian-jq-qianxin","1"
"2017-07-05","haijieqian-jq-shundai","21"
"2017-07-05","haijieqian-kongzhongloan01","2"
"2017-07-05","haijieqian-liantongwo","1"
"2017-07-05","haijieqian-oppo","119"
"2017-07-05","haijieqian-sougou","6"
"2017-07-05","haijieqian-vivo","69"
"2017-07-05","haijieqian-wandoujia","201"
"2017-07-05","haijieqian-xiaomi","35"
"2017-07-05","haijieqian-yyb","321"
"2017-07-05","hjieqian","5"
"2017-07-05","jq-","13"
"2017-07-05","jq-daikuanshequ","2"
"2017-07-05","jq-haohaojie","9"
"2017-07-05","jq-jieqiankuaiche","1"
"2017-07-05","jq-laijiezhijia","150"
"2017-07-05","jq-qingsongjie","7"
"2017-07-05","jq-rongyitui","1"
"2017-07-05","jq-shunda","753"
"2017-07-05","jq-shundai","126"
"2017-07-05","jq-wangdaixiaomao","3"
"2017-07-05","jq-yingyanqianbao","2"
"2017-07-05","jq-yinhangdai","2"
"2017-07-05","kuaijiekuan-anzhi","1"
"2017-07-05","kuaijiekuan-baidu","3"
"2017-07-05","kuaijiekuan-huawei","8"
"2017-07-05","kuaijiekuan-nduo","1"
"2017-07-05","kuaijiekuan-oppo","36"
"2017-07-05","kuaijiekuan-sougou","2"
"2017-07-05","kuaijiekuan-vivo","27"
"2017-07-05","kuaijiekuan-yyb","42"
"2017-07-06","","2"
"2017-07-06","AppStore","511"
"2017-07-06","haidaikuan-baidu","8"
"2017-07-06","haidaikuan-oppo","140"
"2017-07-06","haidaikuan-sougou","2"
"2017-07-06","haidaikuan-vivo","42"
"2017-07-06","haidaikuan-yyb","357"
"2017-07-06","haijieqian-360","42"
"2017-07-06","haijieqian-anzhi","4"
"2017-07-06","haijieqian-baidu","17"
"2017-07-06","haijieqian-hjieqian","1"
"2017-07-06","haijieqian-huawei","2"
"2017-07-06","haijieqian-jq-daikuanshequ","1"
"2017-07-06","haijieqian-jq-haohaojie","2"
"2017-07-06","haijieqian-jq-laijiezhijia","9"
"2017-07-06","haijieqian-jq-shundai","26"
"2017-07-06","haijieqian-kongzhongloan01","1"
"2017-07-06","haijieqian-liantongwo","1"
"2017-07-06","haijieqian-oppo","100"
"2017-07-06","haijieqian-sougou","5"
"2017-07-06","haijieqian-vivo","82"
"2017-07-06","haijieqian-wandoujia","179"
"2017-07-06","haijieqian-xiaomi","36"
"2017-07-06","haijieqian-yyb","281"
"2017-07-06","hjieqian","8"
"2017-07-06","jq-","21"
"2017-07-06","jq-daikuanshequ","1"
"2017-07-06","jq-haohaojie","6"
"2017-07-06","jq-laijiezhijia","133"
"2017-07-06","jq-miaojiekuan","1"
"2017-07-06","jq-qianxin","2"
"2017-07-06","jq-qingsongjie","7"
"2017-07-06","jq-shunda","657"
"2017-07-06","jq-shundai","109"
"2017-07-06","jq-wangdaixiaomao","3"
"2017-07-06","jq-yinhangdai","1"
"2017-07-06","kuaijiekuan-360","1"
"2017-07-06","kuaijiekuan-anzhi","2"
"2017-07-06","kuaijiekuan-baidu","4"
"2017-07-06","kuaijiekuan-huawei","9"
"2017-07-06","kuaijiekuan-oppo","31"
"2017-07-06","kuaijiekuan-sougou","1"
"2017-07-06","kuaijiekuan-vivo","16"
"2017-07-06","kuaijiekuan-yyb","55"
"2017-07-07","AppStore","559"
"2017-07-07","haidaikuan-anzhi","1"
"2017-07-07","haidaikuan-baidu","10"
"2017-07-07","haidaikuan-oppo","144"
"2017-07-07","haidaikuan-sougou","1"
"2017-07-07","haidaikuan-vivo","50"
"2017-07-07","haidaikuan-yyb","392"
"2017-07-07","haijieqian-360","43"
"2017-07-07","haijieqian-anzhi","1"
"2017-07-07","haijieqian-baidu","12"
"2017-07-07","haijieqian-hjieqian","2"
"2017-07-07","haijieqian-huawei","34"
"2017-07-07","haijieqian-jq-haohaojie","1"
"2017-07-07","haijieqian-jq-laijiezhijia","17"
"2017-07-07","haijieqian-jq-shundai","20"
"2017-07-07","haijieqian-kongzhongloan01","2"
"2017-07-07","haijieqian-meizu","7"
"2017-07-07","haijieqian-oppo","123"
"2017-07-07","haijieqian-sougou","10"
"2017-07-07","haijieqian-vivo","93"
"2017-07-07","haijieqian-wandoujia","153"
"2017-07-07","haijieqian-xiaomi","34"
"2017-07-07","haijieqian-yyb","283"
"2017-07-07","hjieqian","10"
"2017-07-07","jisuqiandai-vivo","4"
"2017-07-07","jq-","15"
"2017-07-07","jq-haohaojie","11"
"2017-07-07","jq-laijiezhijia","117"
"2017-07-07","jq-rongyitui","2"
"2017-07-07","jq-shunda","682"
"2017-07-07","jq-shundai","128"
"2017-07-07","jq-wangdaixiaomao","5"
"2017-07-07","jq-yingyanqianbao","1"
"2017-07-07","kuaijiekuan-anzhi","3"
"2017-07-07","kuaijiekuan-baidu","2"
"2017-07-07","kuaijiekuan-huawei","4"
"2017-07-07","kuaijiekuan-oppo","26"
"2017-07-07","kuaijiekuan-sougou","1"
"2017-07-07","kuaijiekuan-vivo","20"
"2017-07-07","kuaijiekuan-yyb","56"
"2017-07-07","qianbaochaoren-vivo","1"
"2017-07-07","qianbaochaoren-yyb","3"
"2017-07-08","AppStore","443"
"2017-07-08","haidaikuan-baidu","9"
"2017-07-08","haidaikuan-oppo","133"
"2017-07-08","haidaikuan-vivo","45"
"2017-07-08","haidaikuan-yyb","394"
"2017-07-08","haijieqian-360","35"
"2017-07-08","haijieqian-anzhi","8"
"2017-07-08","haijieqian-baidu","17"
"2017-07-08","haijieqian-huawei","43"
"2017-07-08","haijieqian-jq-laijiezhijia","10"
"2017-07-08","haijieqian-jq-shundai","24"
"2017-07-08","haijieqian-jq-wangdaixiaomao","1"
"2017-07-08","haijieqian-meizu","11"
"2017-07-08","haijieqian-oppo","102"
"2017-07-08","haijieqian-sougou","3"
"2017-07-08","haijieqian-vivo","75"
"2017-07-08","haijieqian-wandoujia","150"
"2017-07-08","haijieqian-xiaomi","25"
"2017-07-08","haijieqian-yyb","266"
"2017-07-08","hjieqian","9"
"2017-07-08","jisuqiandai-vivo","5"
"2017-07-08","jq-","34"
"2017-07-08","jq-daikuanshequ","2"
"2017-07-08","jq-haohaojie","7"
"2017-07-08","jq-laijiezhijia","159"
"2017-07-08","jq-rongyitui","3"
"2017-07-08","jq-shunda","694"
"2017-07-08","jq-shundai","111"
"2017-07-08","jq-wangdaixiaomao","2"
"2017-07-08","jq-yinhangdai","2"
"2017-07-08","kuaijiekuan-anzhi","2"
"2017-07-08","kuaijiekuan-baidu","1"
"2017-07-08","kuaijiekuan-huawei","6"
"2017-07-08","kuaijiekuan-oppo","28"
"2017-07-08","kuaijiekuan-vivo","18"
"2017-07-08","kuaijiekuan-yyb","24"
"2017-07-08","qianbaochaoren-yyb","1"
"2017-07-09","","1"
"2017-07-09","AppStore","499"
"2017-07-09","haidaikuan-anzhi","2"
"2017-07-09","haidaikuan-baidu","8"
"2017-07-09","haidaikuan-oppo","123"
"2017-07-09","haidaikuan-vivo","45"
"2017-07-09","haidaikuan-yyb","388"
"2017-07-09","haijieqian-360","42"
"2017-07-09","haijieqian-anzhi","6"
"2017-07-09","haijieqian-baidu","18"
"2017-07-09","haijieqian-hjieqian","2"
"2017-07-09","haijieqian-huawei","30"
"2017-07-09","haijieqian-jq-kuailaiqian","1"
"2017-07-09","haijieqian-jq-laijiezhijia","8"
"2017-07-09","haijieqian-jq-shundai","18"
"2017-07-09","haijieqian-meizu","16"
"2017-07-09","haijieqian-oppo","112"
"2017-07-09","haijieqian-sougou","3"
"2017-07-09","haijieqian-vivo","77"
"2017-07-09","haijieqian-wandoujia","141"
"2017-07-09","haijieqian-xiaomi","39"
"2017-07-09","haijieqian-yyb","233"
"2017-07-09","hjieqian","6"
"2017-07-09","jisuqiandai-vivo","2"
"2017-07-09","jq-","20"
"2017-07-09","jq-daikuanshequ","1"
"2017-07-09","jq-haohaojie","12"
"2017-07-09","jq-laijiezhijia","152"
"2017-07-09","jq-miaojiekuan","2"
"2017-07-09","jq-shunda","728"
"2017-07-09","jq-shundai","112"
"2017-07-09","jq-wangdaixiaomao","3"
"2017-07-09","kuaijiekuan-360","1"
"2017-07-09","kuaijiekuan-huawei","7"
"2017-07-09","kuaijiekuan-oppo","31"
"2017-07-09","kuaijiekuan-vivo","25"
"2017-07-09","kuaijiekuan-yyb","26"
"2017-07-09","qianbaochaoren-yyb","2"
"2017-07-10","","2"
"2017-07-10","AppStore","501"
"2017-07-10","haidaikuan-anzhi","1"
"2017-07-10","haidaikuan-baidu","9"
"2017-07-10","haidaikuan-oppo","129"
"2017-07-10","haidaikuan-vivo","54"
"2017-07-10","haidaikuan-yyb","400"
"2017-07-10","haijieqian-360","35"
"2017-07-10","haijieqian-anzhi","5"
"2017-07-10","haijieqian-baidu","16"
"2017-07-10","haijieqian-hjieqian","1"
"2017-07-10","haijieqian-huawei","34"
"2017-07-10","haijieqian-jq-laijiezhijia","9"
"2017-07-10","haijieqian-jq-shundai","29"
"2017-07-10","haijieqian-meizu","18"
"2017-07-10","haijieqian-oppo","131"
"2017-07-10","haijieqian-sougou","7"
"2017-07-10","haijieqian-vivo","76"
"2017-07-10","haijieqian-wandoujia","152"
"2017-07-10","haijieqian-xiaomi","34"
"2017-07-10","haijieqian-yyb","250"
"2017-07-10","hjieqian","5"
"2017-07-10","jisuqiandai-vivo","5"
"2017-07-10","jq-","23"
"2017-07-10","jq-daikuanshequ","2"
"2017-07-10","jq-haohaojie","9"
"2017-07-10","jq-kuailaiqian","2"
"2017-07-10","jq-laijiezhijia","140"
"2017-07-10","jq-rongyitui","1"
"2017-07-10","jq-shunda","691"
"2017-07-10","jq-shundai","116"
"2017-07-10","jq-wangdaixiaomao","1"
"2017-07-10","jq-yingyanqianbao","2"
"2017-07-10","jq-yinhangdai","1"
"2017-07-10","kuaijiekuan-baidu","3"
"2017-07-10","kuaijiekuan-huawei","5"
"2017-07-10","kuaijiekuan-oppo","31"
"2017-07-10","kuaijiekuan-sougou","2"
"2017-07-10","kuaijiekuan-vivo","24"
"2017-07-10","kuaijiekuan-yyb","24"
"2017-07-10","qianbaochaoren-yyb","1"
"2017-07-11","","1"
"2017-07-11","AppStore","462"
"2017-07-11","haidaikuan-baidu","3"
"2017-07-11","haidaikuan-oppo","152"
"2017-07-11","haidaikuan-sougou","3"
"2017-07-11","haidaikuan-vivo","51"
"2017-07-11","haidaikuan-yyb","432"
"2017-07-11","haijieqian-360","31"
"2017-07-11","haijieqian-anzhi","2"
"2017-07-11","haijieqian-baidu","22"
"2017-07-11","haijieqian-hjieqian","1"
"2017-07-11","haijieqian-huawei","34"
"2017-07-11","haijieqian-jq-laijiezhijia","8"
"2017-07-11","haijieqian-jq-shundai","16"
"2017-07-11","haijieqian-meizu","21"
"2017-07-11","haijieqian-oppo","105"
"2017-07-11","haijieqian-sougou","7"
"2017-07-11","haijieqian-vivo","68"
"2017-07-11","haijieqian-wandoujia","142"
"2017-07-11","haijieqian-xiaomi","33"
"2017-07-11","haijieqian-yyb","196"
"2017-07-11","hjieqian","23"
"2017-07-11","jisuqiandai-leshi","7"
"2017-07-11","jisuqiandai-vivo","3"
"2017-07-11","jq-","17"
"2017-07-11","jq-haohaojie","7"
"2017-07-11","jq-laijiezhijia","128"
"2017-07-11","jq-shunda","650"
"2017-07-11","jq-shundai","144"
"2017-07-11","jq-wangdaixiaomao","3"
"2017-07-11","jq-yingyanqianbao","1"
"2017-07-11","kuaijiekuan-anzhi","2"
"2017-07-11","kuaijiekuan-baidu","2"
"2017-07-11","kuaijiekuan-huawei","7"
"2017-07-11","kuaijiekuan-oppo","28"
"2017-07-11","kuaijiekuan-sougou","2"
"2017-07-11","kuaijiekuan-vivo","14"
"2017-07-11","kuaijiekuan-yyb","24"
"2017-07-11","qianbaochaoren-leshi","1"
"2017-07-11","qianbaochaoren-vivo","1"
"2017-07-12","AppStore","444"
"2017-07-12","haidaikuan-anzhi","3"
"2017-07-12","haidaikuan-baidu","5"
"2017-07-12","haidaikuan-oppo","183"
"2017-07-12","haidaikuan-sougou","3"
"2017-07-12","haidaikuan-vivo","43"
"2017-07-12","haidaikuan-yyb","467"
"2017-07-12","haijieqian-360","50"
"2017-07-12","haijieqian-anzhi","9"
"2017-07-12","haijieqian-baidu","18"
"2017-07-12","haijieqian-hjieqian","2"
"2017-07-12","haijieqian-huawei","21"
"2017-07-12","haijieqian-jq-laijiezhijia","9"
"2017-07-12","haijieqian-jq-shundai","28"
"2017-07-12","haijieqian-meizu","15"
"2017-07-12","haijieqian-oppo","87"
"2017-07-12","haijieqian-sougou","3"
"2017-07-12","haijieqian-vivo","62"
"2017-07-12","haijieqian-wandoujia","109"
"2017-07-12","haijieqian-xiaomi","23"
"2017-07-12","haijieqian-yyb","210"
"2017-07-12","hjieqian","18"
"2017-07-12","jisuqiandai-leshi","5"
"2017-07-12","jisuqiandai-vivo","3"
"2017-07-12","jq-","16"
"2017-07-12","jq-haohaojie","8"
"2017-07-12","jq-laijiezhijia","112"
"2017-07-12","jq-shunda","643"
"2017-07-12","jq-shundai","125"
"2017-07-12","jq-yingyanqianbao","1"
"2017-07-12","jq-yinhangdai","3"
"2017-07-12","kuaijiekuan-anzhi","1"
"2017-07-12","kuaijiekuan-baidu","5"
"2017-07-12","kuaijiekuan-huawei","18"
"2017-07-12","kuaijiekuan-oppo","20"
"2017-07-12","kuaijiekuan-sougou","5"
"2017-07-12","kuaijiekuan-vivo","13"
"2017-07-12","kuaijiekuan-yyb","19"
"2017-07-12","qianbaochaoren-vivo","4"
"2017-07-12","qianbaochaoren-yyb","2"
"2017-07-13","","2"
"2017-07-13","AppStore","410"
"2017-07-13","haidaikuan-anzhi","3"
"2017-07-13","haidaikuan-baidu","6"
"2017-07-13","haidaikuan-oppo","93"
"2017-07-13","haidaikuan-sougou","2"
"2017-07-13","haidaikuan-vivo","42"
"2017-07-13","haidaikuan-yyb","534"
"2017-07-13","haijieqian-360","51"
"2017-07-13","haijieqian-anzhi","2"
"2017-07-13","haijieqian-baidu","28"
"2017-07-13","haijieqian-huawei","23"
"2017-07-13","haijieqian-jq-laijiezhijia","12"
"2017-07-13","haijieqian-jq-shundai","15"
"2017-07-13","haijieqian-meizu","18"
"2017-07-13","haijieqian-oppo","138"
"2017-07-13","haijieqian-sougou","5"
"2017-07-13","haijieqian-vivo","74"
"2017-07-13","haijieqian-wandoujia","122"
"2017-07-13","haijieqian-xiaomi","33"
"2017-07-13","haijieqian-yyb","209"
"2017-07-13","hjieqian","10"
"2017-07-13","jisuqiandai-leshi","4"
"2017-07-13","jisuqiandai-vivo","2"
"2017-07-13","jq-","19"
"2017-07-13","jq-daikuanshequ","1"
"2017-07-13","jq-haohaojie","8"
"2017-07-13","jq-kuailaiqian","1"
"2017-07-13","jq-laijiezhijia","112"
"2017-07-13","jq-shunda","575"
"2017-07-13","jq-shundai","92"
"2017-07-13","jq-yingyanqianbao","1"
"2017-07-13","jq-yinhangdai","2"
"2017-07-13","kuaijiekuan-anzhi","3"
"2017-07-13","kuaijiekuan-baidu","1"
"2017-07-13","kuaijiekuan-huawei","18"
"2017-07-13","kuaijiekuan-oppo","11"
"2017-07-13","kuaijiekuan-sougou","5"
"2017-07-13","kuaijiekuan-vivo","24"
"2017-07-13","kuaijiekuan-yyb","22"
"2017-07-13","qianbaochaoren-leshi","1"
"2017-07-13","qianbaochaoren-vivo","9"
"2017-07-13","qianbaochaoren-yyb","3"
"2017-07-14","anzhi","1"
"2017-07-14","AppStore","385"
"2017-07-14","haidaikuan-anzhi","3"
"2017-07-14","haidaikuan-baidu","6"
"2017-07-14","haidaikuan-oppo","8"
"2017-07-14","haidaikuan-sougou","1"
"2017-07-14","haidaikuan-vivo","47"
"2017-07-14","haidaikuan-yyb","562"
"2017-07-14","haijieqian-360","51"
"2017-07-14","haijieqian-baidu","18"
"2017-07-14","haijieqian-hjieqian","1"
"2017-07-14","haijieqian-huawei","22"
"2017-07-14","haijieqian-jq-haohaojie","3"
"2017-07-14","haijieqian-jq-laijiezhijia","5"
"2017-07-14","haijieqian-jq-shundai","23"
"2017-07-14","haijieqian-meizu","21"
"2017-07-14","haijieqian-oppo","126"
"2017-07-14","haijieqian-vivo","58"
"2017-07-14","haijieqian-wandoujia","146"
"2017-07-14","haijieqian-xiaomi","29"
"2017-07-14","haijieqian-yyb","203"
"2017-07-14","hjieqian","10"
"2017-07-14","jisuqiandai-leshi","10"
"2017-07-14","jisuqiandai-vivo","5"
"2017-07-14","jq-","16"
"2017-07-14","jq-daikuanshequ","1"
"2017-07-14","jq-haohaojie","6"
"2017-07-14","jq-laijiezhijia","91"
"2017-07-14","jq-qingsongjie","1"
"2017-07-14","jq-shunda","547"
"2017-07-14","jq-shundai","125"
"2017-07-14","jq-yinhangdai","2"
"2017-07-14","kuaijiekuan-anzhi","1"
"2017-07-14","kuaijiekuan-huawei","15"
"2017-07-14","kuaijiekuan-oppo","3"
"2017-07-14","kuaijiekuan-sougou","4"
"2017-07-14","kuaijiekuan-vivo","16"
"2017-07-14","kuaijiekuan-yyb","17"
"2017-07-14","qianbaochaoren-leshi","1"
"2017-07-14","qianbaochaoren-vivo","12"
"2017-07-14","qianbaochaoren-yyb","2"
"2017-07-15","","1"
"2017-07-15","AppStore","387"
"2017-07-15","haidaikuan-anzhi","2"
"2017-07-15","haidaikuan-baidu","9"
"2017-07-15","haidaikuan-oppo","9"
"2017-07-15","haidaikuan-sougou","2"
"2017-07-15","haidaikuan-vivo","42"
"2017-07-15","haidaikuan-yyb","517"
"2017-07-15","haijieqian-360","75"
"2017-07-15","haijieqian-anzhi","4"
"2017-07-15","haijieqian-baidu","15"
"2017-07-15","haijieqian-huawei","33"
"2017-07-15","haijieqian-jq-haohaojie","1"
"2017-07-15","haijieqian-jq-laijiezhijia","12"
"2017-07-15","haijieqian-jq-shundai","16"
"2017-07-15","haijieqian-kongzhongloan01","1"
"2017-07-15","haijieqian-meizu","22"
"2017-07-15","haijieqian-oppo","145"
"2017-07-15","haijieqian-sougou","4"
"2017-07-15","haijieqian-vivo","49"
"2017-07-15","haijieqian-wandoujia","133"
"2017-07-15","haijieqian-xiaomi","37"
"2017-07-15","haijieqian-yyb","197"
"2017-07-15","hjieqian","7"
"2017-07-15","jisuqiandai-leshi","8"
"2017-07-15","jisuqiandai-vivo","3"
"2017-07-15","jq-","14"
"2017-07-15","jq-daikuanshequ","2"
"2017-07-15","jq-haohaojie","5"
"2017-07-15","jq-laijiezhijia","139"
"2017-07-15","jq-qingsongjie","1"
"2017-07-15","jq-rongyitui","1"
"2017-07-15","jq-shunda","550"
"2017-07-15","jq-shundai","130"
"2017-07-15","jq-wangdaixiaomao","1"
"2017-07-15","jq-yingyanqianbao","1"
"2017-07-15","kuaijiekuan-anzhi","4"
"2017-07-15","kuaijiekuan-baidu","3"
"2017-07-15","kuaijiekuan-huawei","19"
"2017-07-15","kuaijiekuan-sougou","2"
"2017-07-15","kuaijiekuan-vivo","14"
"2017-07-15","kuaijiekuan-yyb","21"
"2017-07-15","qianbaochaoren-vivo","7"
"2017-07-15","qianbaochaoren-yingyonghui","7"
"2017-07-15","qianbaochaoren-yyb","3"
"2017-07-16","","1"
"2017-07-16","AppStore","489"
"2017-07-16","haidaikuan-anzhi","2"
"2017-07-16","haidaikuan-baidu","7"
"2017-07-16","haidaikuan-oppo","4"
"2017-07-16","haidaikuan-sougou","6"
"2017-07-16","haidaikuan-vivo","52"
"2017-07-16","haidaikuan-yyb","504"
"2017-07-16","haijieqian-360","61"
"2017-07-16","haijieqian-anzhi","5"
"2017-07-16","haijieqian-baidu","21"
"2017-07-16","haijieqian-hjieqian","2"
"2017-07-16","haijieqian-huawei","17"
"2017-07-16","haijieqian-jq-laijiezhijia","10"
"2017-07-16","haijieqian-jq-shundai","18"
"2017-07-16","haijieqian-meizu","21"
"2017-07-16","haijieqian-oppo","170"
"2017-07-16","haijieqian-sougou","3"
"2017-07-16","haijieqian-vivo","67"
"2017-07-16","haijieqian-wandoujia","126"
"2017-07-16","haijieqian-xiaomi","34"
"2017-07-16","haijieqian-yyb","218"
"2017-07-16","hjieqian","11"
"2017-07-16","jisuqiandai-leshi","2"
"2017-07-16","jisuqiandai-vivo","3"
"2017-07-16","jq-","13"
"2017-07-16","jq-haohaojie","9"
"2017-07-16","jq-laijiezhijia","128"
"2017-07-16","jq-qianxin","1"
"2017-07-16","jq-qingsongjie","6"
"2017-07-16","jq-rongyitui","2"
"2017-07-16","jq-shunda","557"
"2017-07-16","jq-shundai","108"
"2017-07-16","jq-wangdaixiaomao","1"
"2017-07-16","jq-yinhangdai","1"
"2017-07-16","kuaijiekuan-anzhi","3"
"2017-07-16","kuaijiekuan-baidu","3"
"2017-07-16","kuaijiekuan-huawei","16"
"2017-07-16","kuaijiekuan-sougou","6"
"2017-07-16","kuaijiekuan-vivo","18"
"2017-07-16","kuaijiekuan-yyb","14"
"2017-07-16","qianbaochaoren-vivo","13"
"2017-07-16","qianbaochaoren-yingyonghui","4"
"2017-07-16","qianbaochaoren-yyb","1"
"2017-07-17","AppStore","482"
"2017-07-17","haidaikuan-anzhi","3"
"2017-07-17","haidaikuan-baidu","9"
"2017-07-17","haidaikuan-oppo","5"
"2017-07-17","haidaikuan-sougou","4"
"2017-07-17","haidaikuan-vivo","38"
"2017-07-17","haidaikuan-yyb","536"
"2017-07-17","haijieqian-360","55"
"2017-07-17","haijieqian-anzhi","6"
"2017-07-17","haijieqian-baidu","8"
"2017-07-17","haijieqian-hjieqian","3"
"2017-07-17","haijieqian-huawei","27"
"2017-07-17","haijieqian-jq-haohaojie","2"
"2017-07-17","haijieqian-jq-laijiezhijia","13"
"2017-07-17","haijieqian-jq-shundai","19"
"2017-07-17","haijieqian-kongzhongloan01","2"
"2017-07-17","haijieqian-meizu","26"
"2017-07-17","haijieqian-oppo","165"
"2017-07-17","haijieqian-sougou","5"
"2017-07-17","haijieqian-vivo","77"
"2017-07-17","haijieqian-wandoujia","142"
"2017-07-17","haijieqian-xiaomi","32"
"2017-07-17","haijieqian-yyb","225"
"2017-07-17","hjieqian","15"
"2017-07-17","jisuqiandai-leshi","3"
"2017-07-17","jisuqiandai-vivo","6"
"2017-07-17","jq-","14"
"2017-07-17","jq-haohaojie","10"
"2017-07-17","jq-laijiezhijia","129"
"2017-07-17","jq-qingsongjie","1"
"2017-07-17","jq-shunda","518"
"2017-07-17","jq-shundai","123"
"2017-07-17","jq-wangdaixiaomao","1"
"2017-07-17","jq-yinhangdai","6"
"2017-07-17","kuaijiekuan-anzhi","2"
"2017-07-17","kuaijiekuan-baidu","1"
"2017-07-17","kuaijiekuan-huawei","17"
"2017-07-17","kuaijiekuan-sougou","1"
"2017-07-17","kuaijiekuan-vivo","19"
"2017-07-17","kuaijiekuan-yyb","27"
"2017-07-17","qianbaochaoren-leshi","2"
"2017-07-17","qianbaochaoren-vivo","7"
"2017-07-17","qianbaochaoren-yingyonghui","6"
"2017-07-17","qianbaochaoren-yyb","8"
"2017-07-18","AppStore","359"
"2017-07-18","haidaikuan-anzhi","4"
"2017-07-18","haidaikuan-baidu","7"
"2017-07-18","haidaikuan-oppo","4"
"2017-07-18","haidaikuan-sougou","1"
"2017-07-18","haidaikuan-vivo","43"
"2017-07-18","haidaikuan-yyb","634"
"2017-07-18","haijieqian-360","49"
"2017-07-18","haijieqian-anzhi","5"
"2017-07-18","haijieqian-baidu","17"
"2017-07-18","haijieqian-hjieqian","2"
"2017-07-18","haijieqian-huawei","33"
"2017-07-18","haijieqian-jq-laijiezhijia","5"
"2017-07-18","haijieqian-jq-shundai","28"
"2017-07-18","haijieqian-kongzhongloan01","6"
"2017-07-18","haijieqian-meizu","13"
"2017-07-18","haijieqian-oppo","146"
"2017-07-18","haijieqian-sougou","7"
"2017-07-18","haijieqian-vivo","69"
"2017-07-18","haijieqian-wandoujia","161"
"2017-07-18","haijieqian-xiaomi","26"
"2017-07-18","haijieqian-yyb","181"
"2017-07-18","hjieqian","21"
"2017-07-18","jisuqiandai-leshi","6"
"2017-07-18","jisuqiandai-vivo","6"
"2017-07-18","jq-","19"
"2017-07-18","jq-haohaojie","13"
"2017-07-18","jq-jieqiankuaiche","1"
"2017-07-18","jq-laijiezhijia","108"
"2017-07-18","jq-qingsongjie","1"
"2017-07-18","jq-rongyitui","4"
"2017-07-18","jq-shunda","481"
"2017-07-18","jq-shundai","114"
"2017-07-18","jq-wangdaixiaomao","1"
"2017-07-18","jq-yinhangdai","4"
"2017-07-18","kuaijiekuan-anzhi","1"
"2017-07-18","kuaijiekuan-baidu","1"
"2017-07-18","kuaijiekuan-huawei","15"
"2017-07-18","kuaijiekuan-oppo","1"
"2017-07-18","kuaijiekuan-sougou","1"
"2017-07-18","kuaijiekuan-vivo","20"
"2017-07-18","kuaijiekuan-yyb","19"
"2017-07-18","qianbaochaoren-leshi","1"
"2017-07-18","qianbaochaoren-vivo","10"
"2017-07-18","qianbaochaoren-yingyonghui","6"
"2017-07-18","qianbaochaoren-yyb","2"
"2017-07-19","AppStore","352"
"2017-07-19","haidaikuan-anzhi","1"
"2017-07-19","haidaikuan-baidu","6"
"2017-07-19","haidaikuan-oppo","3"
"2017-07-19","haidaikuan-sougou","6"
"2017-07-19","haidaikuan-vivo","43"
"2017-07-19","haidaikuan-yyb","588"
"2017-07-19","haijieqian-360","48"
"2017-07-19","haijieqian-anzhi","6"
"2017-07-19","haijieqian-baidu","20"
"2017-07-19","haijieqian-hjieqian","5"
"2017-07-19","haijieqian-huawei","51"
"2017-07-19","haijieqian-jq-haohaojie","1"
"2017-07-19","haijieqian-jq-laijiezhijia","14"
"2017-07-19","haijieqian-jq-shundai","24"
"2017-07-19","haijieqian-meizu","21"
"2017-07-19","haijieqian-oppo","168"
"2017-07-19","haijieqian-sougou","2"
"2017-07-19","haijieqian-vivo","74"
"2017-07-19","haijieqian-wandoujia","126"
"2017-07-19","haijieqian-xiaomi","30"
"2017-07-19","haijieqian-yyb","214"
"2017-07-19","hjieqian","17"
"2017-07-19","jisuqiandai-vivo","4"
"2017-07-19","jq-","11"
"2017-07-19","jq-daikuanshequ","3"
"2017-07-19","jq-haohaojie","12"
"2017-07-19","jq-laijiezhijia","138"
"2017-07-19","jq-qingsongjie","2"
"2017-07-19","jq-rongtou","6"
"2017-07-19","jq-rongtou,","7"
"2017-07-19","jq-shunda","474"
"2017-07-19","jq-shundai","110"
"2017-07-19","jq-wangdaixiaomao","2"
"2017-07-19","jq-yingyanqianbao","2"
"2017-07-19","jq-yinhangdai","1"
"2017-07-19","kuaijiekuan-anzhi","2"
"2017-07-19","kuaijiekuan-baidu","3"
"2017-07-19","kuaijiekuan-huawei","13"
"2017-07-19","kuaijiekuan-sougou","1"
"2017-07-19","kuaijiekuan-vivo","11"
"2017-07-19","kuaijiekuan-yyb","16"
"2017-07-19","qianbaochaoren-vivo","12"
"2017-07-19","qianbaochaoren-yingyonghui","5"
"2017-07-19","qianbaochaoren-yyb","2"
"2017-07-20","","1"
"2017-07-20","AppStore","378"
"2017-07-20","haidaikuan-anzhi","2"
"2017-07-20","haidaikuan-baidu","10"
"2017-07-20","haidaikuan-hdaikuan","1"
"2017-07-20","haidaikuan-oppo","4"
"2017-07-20","haidaikuan-sougou","5"
"2017-07-20","haidaikuan-vivo","46"
"2017-07-20","haidaikuan-yyb","602"
"2017-07-20","haijieqian-360","27"
"2017-07-20","haijieqian-anzhi","4"
"2017-07-20","haijieqian-baidu","19"
"2017-07-20","haijieqian-hjieqian","4"
"2017-07-20","haijieqian-huawei","37"
"2017-07-20","haijieqian-jq-daikuanshequ","2"
"2017-07-20","haijieqian-jq-haohaojie","1"
"2017-07-20","haijieqian-jq-laijiezhijia","11"
"2017-07-20","haijieqian-jq-shundai","12"
"2017-07-20","haijieqian-kongzhongloan01","1"
"2017-07-20","haijieqian-meizu","30"
"2017-07-20","haijieqian-oppo","162"
"2017-07-20","haijieqian-sougou","1"
"2017-07-20","haijieqian-vivo","91"
"2017-07-20","haijieqian-wandoujia","125"
"2017-07-20","haijieqian-xiaomi","35"
"2017-07-20","haijieqian-yyb","214"
"2017-07-20","hjieqian","35"
"2017-07-20","jisuqiandai-leshi","2"
"2017-07-20","jisuqiandai-vivo","3"
"2017-07-20","jq-","22"
"2017-07-20","jq-daikuanshequ","6"
"2017-07-20","jq-haohaojie","2"
"2017-07-20","jq-kuailaiqian","1"
"2017-07-20","jq-laijiezhijia","107"
"2017-07-20","jq-qianxin","1"
"2017-07-20","jq-qingsongjie","1"
"2017-07-20","jq-rongtou","1"
"2017-07-20","jq-rongtou,","6"
"2017-07-20","jq-shunda","494"
"2017-07-20","jq-shundai","107"
"2017-07-20","jq-wangdaixiaomao","1"
"2017-07-20","jq-yingyanqianbao","1"
"2017-07-20","kuaijiekuan-anzhi","4"
"2017-07-20","kuaijiekuan-baidu","2"
"2017-07-20","kuaijiekuan-huawei","12"
"2017-07-20","kuaijiekuan-oppo","1"
"2017-07-20","kuaijiekuan-sougou","1"
"2017-07-20","kuaijiekuan-vivo","12"
"2017-07-20","kuaijiekuan-yyb","26"
"2017-07-20","qianbaochaoren-leshi","2"
"2017-07-20","qianbaochaoren-sougou","1"
"2017-07-20","qianbaochaoren-vivo","2"
"2017-07-20","qianbaochaoren-yyb","30"
"2017-07-21","AppStore","350"
"2017-07-21","haidaikuan-anzhi","5"
"2017-07-21","haidaikuan-baidu","77"
"2017-07-21","haidaikuan-oppo","4"
"2017-07-21","haidaikuan-sougou","6"
"2017-07-21","haidaikuan-vivo","39"
"2017-07-21","haidaikuan-yyb","597"
"2017-07-21","haijieqian-360","31"
"2017-07-21","haijieqian-anzhi","7"
"2017-07-21","haijieqian-baidu","18"
"2017-07-21","haijieqian-hjieqian","3"
"2017-07-21","haijieqian-huawei","36"
"2017-07-21","haijieqian-jq-daikuanshequ","1"
"2017-07-21","haijieqian-jq-laijiezhijia","7"
"2017-07-21","haijieqian-jq-shundai","24"
"2017-07-21","haijieqian-kongzhongloan01","3"
"2017-07-21","haijieqian-meizu","23"
"2017-07-21","haijieqian-oppo","159"
"2017-07-21","haijieqian-sougou","6"
"2017-07-21","haijieqian-vivo","89"
"2017-07-21","haijieqian-wandoujia","114"
"2017-07-21","haijieqian-xiaomi","37"
"2017-07-21","haijieqian-yyb","205"
"2017-07-21","hjieqian","36"
"2017-07-21","jisuqiandai-leshi","2"
"2017-07-21","jisuqiandai-vivo","4"
"2017-07-21","jq-","16"
"2017-07-21","jq-daikuanshequ","6"
"2017-07-21","jq-haohaojie","8"
"2017-07-21","jq-jieqiankuaiche","1"
"2017-07-21","jq-laijiezhijia","105"
"2017-07-21","jq-qingsongjie","3"
"2017-07-21","jq-rongyitui","1"
"2017-07-21","jq-shunda","477"
"2017-07-21","jq-shundai","114"
"2017-07-21","jq-xinhuadai","3"
"2017-07-21","jq-yinhangdai","1"
"2017-07-21","kuaijiekuan-anzhi","31"
"2017-07-21","kuaijiekuan-baidu","2"
"2017-07-21","kuaijiekuan-huawei","11"
"2017-07-21","kuaijiekuan-kjiekuan","1"
"2017-07-21","kuaijiekuan-vivo","12"
"2017-07-21","kuaijiekuan-yyb","35"
"2017-07-21","qianbaochaoren-vivo","4"
"2017-07-21","qianbaochaoren-yyb","34"
"2017-07-22","","1"
"2017-07-22","AppStore","413"
"2017-07-22","h360","1"
"2017-07-22","haidaikuan-anzhi","1"
"2017-07-22","haidaikuan-baidu","132"
"2017-07-22","haidaikuan-hdaikuan","1"
"2017-07-22","haidaikuan-sougou","3"
"2017-07-22","haidaikuan-vivo","39"
"2017-07-22","haidaikuan-yyb","610"
"2017-07-22","haijieqian-360","43"
"2017-07-22","haijieqian-anzhi","4"
"2017-07-22","haijieqian-baidu","16"
"2017-07-22","haijieqian-hjieqian","70"
"2017-07-22","haijieqian-huawei","36"
"2017-07-22","haijieqian-jq-daikuanshequ","1"
"2017-07-22","haijieqian-jq-laijiezhijia","7"
"2017-07-22","haijieqian-jq-shundai","18"
"2017-07-22","haijieqian-kongzhongloan01","1"
"2017-07-22","haijieqian-meizu","20"
"2017-07-22","haijieqian-oppo","182"
"2017-07-22","haijieqian-sougou","4"
"2017-07-22","haijieqian-vivo","83"
"2017-07-22","haijieqian-wandoujia","130"
"2017-07-22","haijieqian-xiaomi","30"
"2017-07-22","haijieqian-yyb","221"
"2017-07-22","hjieqian","60"
"2017-07-22","jisuqiandai-leshi","4"
"2017-07-22","jisuqiandai-vivo","11"
"2017-07-22","jq-","20"
"2017-07-22","jq-daikuanshequ","6"
"2017-07-22","jq-haohaojie","9"
"2017-07-22","jq-kuailaiqian","1"
"2017-07-22","jq-laijiezhijia","105"
"2017-07-22","jq-qingsongjie","1"
"2017-07-22","jq-rongtou,","1"
"2017-07-22","jq-shunda","468"
"2017-07-22","jq-shundai","93"
"2017-07-22","jq-yinhangdai","2"
"2017-07-22","kuaijiekuan-anzhi","13"
"2017-07-22","kuaijiekuan-baidu","5"
"2017-07-22","kuaijiekuan-huawei","18"
"2017-07-22","kuaijiekuan-sougou","2"
"2017-07-22","kuaijiekuan-vivo","20"
"2017-07-22","kuaijiekuan-yyb","23"
"2017-07-22","niwoqianbao-vivo","6"
"2017-07-22","qianbaochaoren-leshi","1"
"2017-07-22","qianbaochaoren-vivo","3"
"2017-07-22","qianbaochaoren-yyb","19"
"2017-07-23","","1"
"2017-07-23","AppStore","465"
"2017-07-23","haidaikuan-anzhi","2"
"2017-07-23","haidaikuan-baidu","132"
"2017-07-23","haidaikuan-sougou","1"
"2017-07-23","haidaikuan-vivo","44"
"2017-07-23","haidaikuan-yyb","479"
"2017-07-23","haijieqian-360","27"
"2017-07-23","haijieqian-anzhi","4"
"2017-07-23","haijieqian-baidu","16"
"2017-07-23","haijieqian-hjieqian","29"
"2017-07-23","haijieqian-huawei","30"
"2017-07-23","haijieqian-jq-daikuanshequ","1"
"2017-07-23","haijieqian-jq-haohaojie","1"
"2017-07-23","haijieqian-jq-laijiezhijia","9"
"2017-07-23","haijieqian-jq-shundai","26"
"2017-07-23","haijieqian-kongzhongloan01","1"
"2017-07-23","haijieqian-meizu","22"
"2017-07-23","haijieqian-oppo","172"
"2017-07-23","haijieqian-sougou","1"
"2017-07-23","haijieqian-vivo","64"
"2017-07-23","haijieqian-wandoujia","116"
"2017-07-23","haijieqian-xiaomi","34"
"2017-07-23","haijieqian-yyb","204"
"2017-07-23","hjieqian","68"
"2017-07-23","jisuqiandai-leshi","2"
"2017-07-23","jisuqiandai-vivo","4"
"2017-07-23","jq-","10"
"2017-07-23","jq-daikuanshequ","5"
"2017-07-23","jq-haohaojie","8"
"2017-07-23","jq-kuailaiqian","1"
"2017-07-23","jq-laijiezhijia","103"
"2017-07-23","jq-qingsongjie","3"
"2017-07-23","jq-rongyitui","2"
"2017-07-23","jq-shunda","521"
"2017-07-23","jq-shundai","101"
"2017-07-23","jq-yinhangdai","2"
"2017-07-23","kuaijiekuan-anzhi","13"
"2017-07-23","kuaijiekuan-huawei","15"
"2017-07-23","kuaijiekuan-sougou","1"
"2017-07-23","kuaijiekuan-vivo","24"
"2017-07-23","kuaijiekuan-yyb","20"
"2017-07-23","kuaikuaijie-vivo","2"
"2017-07-23","niwoqianbao-vivo","5"
"2017-07-23","qianbaochaoren-leshi","4"
"2017-07-23","qianbaochaoren-vivo","5"
"2017-07-23","qianbaochaoren-yyb","14"
"2017-07-23","xinyongmiaojie-vivo","2"
"2017-07-24","","1"
"2017-07-24","AppStore","484"
"2017-07-24","haidaikuan-anzhi","3"
"2017-07-24","haidaikuan-baidu","210"
"2017-07-24","haidaikuan-sougou","8"
"2017-07-24","haidaikuan-vivo","58"
"2017-07-24","haidaikuan-yyb","462"
"2017-07-24","haijieqian-360","44"
"2017-07-24","haijieqian-anzhi","8"
"2017-07-24","haijieqian-baidu","18"
"2017-07-24","haijieqian-hjieqian","23"
"2017-07-24","haijieqian-huawei","29"
"2017-07-24","haijieqian-jq-laijiezhijia","15"
"2017-07-24","haijieqian-jq-shundai","30"
"2017-07-24","haijieqian-jq-xianjinwuyou","4"
"2017-07-24","haijieqian-kongzhongloan01","1"
"2017-07-24","haijieqian-meizu","23"
"2017-07-24","haijieqian-oppo","213"
"2017-07-24","haijieqian-sougou","4"
"2017-07-24","haijieqian-vivo","101"
"2017-07-24","haijieqian-wandoujia","122"
"2017-07-24","haijieqian-xiaomi","34"
"2017-07-24","haijieqian-yyb","264"
"2017-07-24","hjieqian","65"
"2017-07-24","jisuqiandai-vivo","10"
"2017-07-24","jq-","20"
"2017-07-24","jq-daikuanshequ","18"
"2017-07-24","jq-haohaojie","7"
"2017-07-24","jq-laijiezhijia","125"
"2017-07-24","jq-qingsongjie","4"
"2017-07-24","jq-rongyitui","27"
"2017-07-24","jq-rongyitui2","16"
"2017-07-24","jq-shunda","603"
"2017-07-24","jq-shundai","119"
"2017-07-24","jq-xianjinwuyou","17"
"2017-07-24","jq-yinhangdai","6"
"2017-07-24","kuaijiekuan-anzhi","10"
"2017-07-24","kuaijiekuan-baidu","2"
"2017-07-24","kuaijiekuan-huawei","24"
"2017-07-24","kuaijiekuan-sougou","1"
"2017-07-24","kuaijiekuan-vivo","23"
"2017-07-24","kuaijiekuan-yyb","15"
"2017-07-24","kuaikuaijie-vivo","1"
"2017-07-24","niwoqianbao-vivo","5"
"2017-07-24","qianbaochaoren-leshi","1"
"2017-07-24","qianbaochaoren-vivo","3"
"2017-07-24","qianbaochaoren-yyb","21"
"2017-07-24","xinyongmiaojie-vivo","1"
"2017-07-25","","2"
"2017-07-25","AppStore","595"
"2017-07-25","haidaikuan-anzhi","2"
"2017-07-25","haidaikuan-baidu","275"
"2017-07-25","haidaikuan-sougou","3"
"2017-07-25","haidaikuan-vivo","44"
"2017-07-25","haidaikuan-yyb","395"
"2017-07-25","haijieqian-360","40"
"2017-07-25","haijieqian-anzhi","15"
"2017-07-25","haijieqian-baidu","17"
"2017-07-25","haijieqian-hjieqian","16"
"2017-07-25","haijieqian-huawei","56"
"2017-07-25","haijieqian-jq-bangnidai","3"
"2017-07-25","haijieqian-jq-haohaojie","2"
"2017-07-25","haijieqian-jq-laijiezhijia","12"
"2017-07-25","haijieqian-jq-shundai","22"
"2017-07-25","haijieqian-jq-xianjinwuyou","6"
"2017-07-25","haijieqian-leshangdian","1"
"2017-07-25","haijieqian-meizu","23"
"2017-07-25","haijieqian-oppo","210"
"2017-07-25","haijieqian-sougou","5"
"2017-07-25","haijieqian-vivo","153"
"2017-07-25","haijieqian-wandoujia","124"
"2017-07-25","haijieqian-xiaomi","41"
"2017-07-25","haijieqian-yyb","260"
"2017-07-25","hjieqian","72"
"2017-07-25","jisuqiandai-vivo","9"
"2017-07-25","jq-","19"
"2017-07-25","jq-bangnidai","80"
"2017-07-25","jq-daikuanshequ","9"
"2017-07-25","jq-haohaojie","8"
"2017-07-25","jq-kuailaiqian","1"
"2017-07-25","jq-laijiezhijia","96"
"2017-07-25","jq-qingsongjie","4"
"2017-07-25","jq-rongtou,","2"
"2017-07-25","jq-rongyitui","84"
"2017-07-25","jq-rongyitui2","64"
"2017-07-25","jq-shunda","517"
"2017-07-25","jq-shundai","117"
"2017-07-25","jq-xianjinwuyou","45"
"2017-07-25","jq-yinhangdai","5"
"2017-07-25","kuaijiekuan-anzhi","4"
"2017-07-25","kuaijiekuan-baidu","6"
"2017-07-25","kuaijiekuan-huawei","24"
"2017-07-25","kuaijiekuan-oppo","1"
"2017-07-25","kuaijiekuan-sougou","2"
"2017-07-25","kuaijiekuan-vivo","18"
"2017-07-25","kuaijiekuan-yyb","15"
"2017-07-25","kuaikuaijie-vivo","1"
"2017-07-25","niwoqianbao-vivo","7"
"2017-07-25","qianbaochaoren-vivo","4"
"2017-07-25","qianbaochaoren-yingyonghui","1"
"2017-07-25","qianbaochaoren-yyb","13"
"2017-07-25","xinyongmiaojie-vivo","1"
"2017-07-26","AppStore","520"
"2017-07-26","haidaikuan-baidu","265"
"2017-07-26","haidaikuan-sougou","9"
"2017-07-26","haidaikuan-vivo","39"
"2017-07-26","haidaikuan-yyb","429"
"2017-07-26","haijieqian-360","31"
"2017-07-26","haijieqian-anzhi","11"
"2017-07-26","haijieqian-baidu","16"
"2017-07-26","haijieqian-hjieqian","12"
"2017-07-26","haijieqian-huawei","42"
"2017-07-26","haijieqian-jq-bangnidai","4"
"2017-07-26","haijieqian-jq-laijiezhijia","11"
"2017-07-26","haijieqian-jq-rongyitui","1"
"2017-07-26","haijieqian-jq-shundai","25"
"2017-07-26","haijieqian-jq-xianjinwuyou","6"
"2017-07-26","haijieqian-meizu","15"
"2017-07-26","haijieqian-oppo","166"
"2017-07-26","haijieqian-sougou","6"
"2017-07-26","haijieqian-vivo","107"
"2017-07-26","haijieqian-wandoujia","127"
"2017-07-26","haijieqian-xiaomi","43"
"2017-07-26","haijieqian-yyb","206"
"2017-07-26","hjieqian","64"
"2017-07-26","jisuqiandai-leshi","3"
"2017-07-26","jisuqiandai-vivo","7"
"2017-07-26","jq-","19"
"2017-07-26","jq-bangnidai","122"
"2017-07-26","jq-daikuanshequ","4"
"2017-07-26","jq-haohaojie","14"
"2017-07-26","jq-jinxiang","6"
"2017-07-26","jq-kuailaiqian","1"
"2017-07-26","jq-laijiezhijia","112"
"2017-07-26","jq-qingsongjie","5"
"2017-07-26","jq-rongtou,","2"
"2017-07-26","jq-rongyitui","122"
"2017-07-26","jq-rongyitui2","24"
"2017-07-26","jq-shunda","496"
"2017-07-26","jq-shundai","96"
"2017-07-26","jq-xianjinwuyou","26"
"2017-07-26","jq-yingyanqianbao","1"
"2017-07-26","jq-youyouqianbao","2"
"2017-07-26","kuaijiekuan-anzhi","9"
"2017-07-26","kuaijiekuan-baidu","7"
"2017-07-26","kuaijiekuan-huawei","13"
"2017-07-26","kuaijiekuan-sougou","2"
"2017-07-26","kuaijiekuan-vivo","18"
"2017-07-26","kuaijiekuan-yyb","23"
"2017-07-26","kuaikuaijie-vivo","1"
"2017-07-26","niwoqianbao-vivo","10"
"2017-07-26","qianbaochaoren-leshi","2"
"2017-07-26","qianbaochaoren-yyb","16"
"2017-07-26","xinyongmiaojie-vivo","1"
"2017-07-27","","1"
"2017-07-27","AppStore","439"
"2017-07-27","haidaikuan-anzhi","5"
"2017-07-27","haidaikuan-baidu","353"
"2017-07-27","haidaikuan-sougou","11"
"2017-07-27","haidaikuan-vivo","40"
"2017-07-27","haidaikuan-yyb","467"
"2017-07-27","haijieqian-360","34"
"2017-07-27","haijieqian-anzhi","8"
"2017-07-27","haijieqian-baidu","13"
"2017-07-27","haijieqian-hjieqian","21"
"2017-07-27","haijieqian-huawei","32"
"2017-07-27","haijieqian-jq-bangnidai","5"
"2017-07-27","haijieqian-jq-daikuanshequ","1"
"2017-07-27","haijieqian-jq-haohaojie","2"
"2017-07-27","haijieqian-jq-jinxiang","1"
"2017-07-27","haijieqian-jq-laijiezhijia","16"
"2017-07-27","haijieqian-jq-qubu","8"
"2017-07-27","haijieqian-jq-shundai","19"
"2017-07-27","haijieqian-jq-xianjinwuyou","4"
"2017-07-27","haijieqian-leshi","9"
"2017-07-27","haijieqian-liantongwo","1"
"2017-07-27","haijieqian-meizu","17"
"2017-07-27","haijieqian-oppo","194"
"2017-07-27","haijieqian-sougou","4"
"2017-07-27","haijieqian-vivo","77"
"2017-07-27","haijieqian-wandoujia","113"
"2017-07-27","haijieqian-xiaomi","43"
"2017-07-27","haijieqian-yyb","194"
"2017-07-27","hjieqian","116"
"2017-07-27","jisuqiandai-leshi","1"
"2017-07-27","jisuqiandai-vivo","9"
"2017-07-27","jq-","19"
"2017-07-27","jq-bangnidai","62"
"2017-07-27","jq-daikuanshequ","5"
"2017-07-27","jq-haohaojie","11"
"2017-07-27","jq-jima","1"
"2017-07-27","jq-jinxiang","12"
"2017-07-27","jq-kuailaiqian","1"
"2017-07-27","jq-laijiezhijia","91"
"2017-07-27","jq-lumiwang","1"
"2017-07-27","jq-qingsongjie","9"
"2017-07-27","jq-qubu","110"
"2017-07-27","jq-rongtou,","1"
"2017-07-27","jq-shunda","522"
"2017-07-27","jq-shundai","82"
"2017-07-27","jq-wanxiangdai","1"
"2017-07-27","jq-xianjinwuyou","25"
"2017-07-27","jq-yinhangdai","2"
"2017-07-27","kuaijiekuan-360","1"
"2017-07-27","kuaijiekuan-anzhi","8"
"2017-07-27","kuaijiekuan-baidu","3"
"2017-07-27","kuaijiekuan-huawei","13"
"2017-07-27","kuaijiekuan-leshi","1"
"2017-07-27","kuaijiekuan-sougou","2"
"2017-07-27","kuaijiekuan-vivo","11"
"2017-07-27","kuaijiekuan-yyb","20"
"2017-07-27","kuaikuaijie-vivo","3"
"2017-07-27","niwoqianbao-vivo","3"
"2017-07-27","qianbaochaoren-vivo","2"
"2017-07-27","qianbaochaoren-yyb","4"
"2017-07-27","xinyongmiaojie-vivo","2"
"2017-07-28","","2"
"2017-07-28","AppStore","453"
"2017-07-28","haidaikuan-baidu","431"
"2017-07-28","haidaikuan-sougou","5"
"2017-07-28","haidaikuan-vivo","57"
"2017-07-28","haidaikuan-yyb","409"
"2017-07-28","haijieqian-360","34"
"2017-07-28","haijieqian-anzhi","12"
"2017-07-28","haijieqian-baidu","17"
"2017-07-28","haijieqian-haijieqian","1"
"2017-07-28","haijieqian-hjieqian","20"
"2017-07-28","haijieqian-huawei","31"
"2017-07-28","haijieqian-jq-bangnidai","1"
"2017-07-28","haijieqian-jq-daikuanshequ","1"
"2017-07-28","haijieqian-jq-haohaojie","1"
"2017-07-28","haijieqian-jq-laijiezhijia","11"
"2017-07-28","haijieqian-jq-qingsongjie","1"
"2017-07-28","haijieqian-jq-qubu","1"
"2017-07-28","haijieqian-jq-shundai","21"
"2017-07-28","haijieqian-jq-wanxiangdai","5"
"2017-07-28","haijieqian-jq-xianjinwuyou","7"
"2017-07-28","haijieqian-jq-zhidejie","11"
"2017-07-28","haijieqian-kongzhongloan01","2"
"2017-07-28","haijieqian-leshangdian","1"
"2017-07-28","haijieqian-leshi","8"
"2017-07-28","haijieqian-meizu","21"
"2017-07-28","haijieqian-oppo","165"
"2017-07-28","haijieqian-sougou","3"
"2017-07-28","haijieqian-vivo","103"
"2017-07-28","haijieqian-wandoujia","103"
"2017-07-28","haijieqian-xiaomi","46"
"2017-07-28","haijieqian-yyb","230"
"2017-07-28","hjieqian","212"
"2017-07-28","jisuqiandai-leshi","1"
"2017-07-28","jisuqiandai-vivo","6"
"2017-07-28","jq-","13"
"2017-07-28","jq-bangnidai","48"
"2017-07-28","jq-daikuanshequ","10"
"2017-07-28","jq-daikuanshequ-yyb","1"
"2017-07-28","jq-haohaojie","51"
"2017-07-28","jq-jima","5"
"2017-07-28","jq-jinxiang","7"
"2017-07-28","jq-laijiezhijia","85"
"2017-07-28","jq-qingsongjie","12"
"2017-07-28","jq-qubu","25"
"2017-07-28","jq-rongyitui","1"
"2017-07-28","jq-shunda","456"
"2017-07-28","jq-shundai","88"
"2017-07-28","jq-wangdaixiaomao","1"
"2017-07-28","jq-wanxiangdai","9"
"2017-07-28","jq-weishu","1"
"2017-07-28","jq-xianjinwuyou","54"
"2017-07-28","jq-xiaoshu","1"
"2017-07-28","jq-yingyanqianbao","1"
"2017-07-28","jq-yinhangdai","1"
"2017-07-28","jq-zhidejie","48"
"2017-07-28","kuaijiekuan-anzhi","7"
"2017-07-28","kuaijiekuan-baidu","1"
"2017-07-28","kuaijiekuan-huawei","8"
"2017-07-28","kuaijiekuan-leshi","2"
"2017-07-28","kuaijiekuan-sougou","2"
"2017-07-28","kuaijiekuan-vivo","13"
"2017-07-28","kuaijiekuan-yyb","23"
"2017-07-28","kuaikuaijie-vivo","1"
"2017-07-28","niwoqianbao-vivo","3"
"2017-07-28","qianbaochaoren-vivo","1"
"2017-07-28","qianbaochaoren-yyb","9"
"2017-07-29","AppStore","474"
"2017-07-29","haidaikuan-anzhi","1"
"2017-07-29","haidaikuan-baidu","348"
"2017-07-29","haidaikuan-sougou","11"
"2017-07-29","haidaikuan-vivo","35"
"2017-07-29","haidaikuan-yyb","336"
"2017-07-29","haijieqian-360","30"
"2017-07-29","haijieqian-anzhi","6"
"2017-07-29","haijieqian-baidu","9"
"2017-07-29","haijieqian-hjieqian","11"
"2017-07-29","haijieqian-huawei","39"
"2017-07-29","haijieqian-jq-bangnidai","1"
"2017-07-29","haijieqian-jq-haohaojie","6"
"2017-07-29","haijieqian-jq-laijiezhijia","10"
"2017-07-29","haijieqian-jq-qingsongjie","1"
"2017-07-29","haijieqian-jq-shundai","27"
"2017-07-29","haijieqian-jq-xianjinwuyou","8"
"2017-07-29","haijieqian-jq-xiaoshu","1"
"2017-07-29","haijieqian-jq-zhidejie","24"
"2017-07-29","haijieqian-kongzhongloan01","1"
"2017-07-29","haijieqian-leshangdian","1"
"2017-07-29","haijieqian-leshi","10"
"2017-07-29","haijieqian-meizu","21"
"2017-07-29","haijieqian-oppo","167"
"2017-07-29","haijieqian-vivo","109"
"2017-07-29","haijieqian-wandoujia","83"
"2017-07-29","haijieqian-xiaomi","39"
"2017-07-29","haijieqian-yyb","277"
"2017-07-29","hjieqian","84"
"2017-07-29","jisuqiandai-leshi","1"
"2017-07-29","jisuqiandai-vivo","5"
"2017-07-29","jq-","27"
"2017-07-29","jq-bangnidai","41"
"2017-07-29","jq-daikuanshequ","6"
"2017-07-29","jq-haohaojie","105"
"2017-07-29","jq-jima","2"
"2017-07-29","jq-jinxiang","3"
"2017-07-29","jq-laijiezhijia","88"
"2017-07-29","jq-qingsongjie","12"
"2017-07-29","jq-qubu","6"
"2017-07-29","jq-shunda","422"
"2017-07-29","jq-shundai","91"
"2017-07-29","jq-wangdaixiaomao","1"
"2017-07-29","jq-wanxiangdai","3"
"2017-07-29","jq-weishu","5"
"2017-07-29","jq-xianjinwuyou","62"
"2017-07-29","jq-xiaoshu","5"
"2017-07-29","jq-yinhangdai","2"
"2017-07-29","jq-zhidejie","205"
"2017-07-29","kuaijiekuan-anzhi","5"
"2017-07-29","kuaijiekuan-baidu","4"
"2017-07-29","kuaijiekuan-huawei","13"
"2017-07-29","kuaijiekuan-leshi","2"
"2017-07-29","kuaijiekuan-sougou","1"
"2017-07-29","kuaijiekuan-vivo","10"
"2017-07-29","kuaijiekuan-yyb","18"
"2017-07-29","niwoqianbao-vivo","3"
"2017-07-29","qianbaochaoren-leshi","1"
"2017-07-29","qianbaochaoren-vivo","3"
"2017-07-29","qianbaochaoren-yyb","11"
"2017-07-29","xinyongmiaojie-vivo","1"
"2017-07-30","","1"
"2017-07-30","AppStore","507"
"2017-07-30","haidaikuan-anzhi","2"
"2017-07-30","haidaikuan-baidu","367"
"2017-07-30","haidaikuan-oppo","1"
"2017-07-30","haidaikuan-sougou","6"
"2017-07-30","haidaikuan-vivo","38"
"2017-07-30","haidaikuan-yyb","280"
"2017-07-30","haijieqian-360","24"
"2017-07-30","haijieqian-anzhi","5"
"2017-07-30","haijieqian-baidu","14"
"2017-07-30","haijieqian-hjieqian","11"
"2017-07-30","haijieqian-huawei","37"
"2017-07-30","haijieqian-jq-bangnidai","1"
"2017-07-30","haijieqian-jq-daikuanshequ","1"
"2017-07-30","haijieqian-jq-haohaojie","6"
"2017-07-30","haijieqian-jq-laijiezhijia","11"
"2017-07-30","haijieqian-jq-qubu","2"
"2017-07-30","haijieqian-jq-shundai","31"
"2017-07-30","haijieqian-jq-wanxiangdai","1"
"2017-07-30","haijieqian-jq-xianjinwuyou","7"
"2017-07-30","haijieqian-jq-zhidejie","44"
"2017-07-30","haijieqian-kongzhongloan01","1"
"2017-07-30","haijieqian-leshi","18"
"2017-07-30","haijieqian-meizu","21"
"2017-07-30","haijieqian-oppo","171"
"2017-07-30","haijieqian-sougou","1"
"2017-07-30","haijieqian-vivo","94"
"2017-07-30","haijieqian-wandoujia","83"
"2017-07-30","haijieqian-xiaomi","42"
"2017-07-30","haijieqian-yyb","283"
"2017-07-30","hjieqian","44"
"2017-07-30","jisuqiandai-leshi","1"
"2017-07-30","jisuqiandai-vivo","4"
"2017-07-30","jq-","9"
"2017-07-30","jq-bangmangjie","2"
"2017-07-30","jq-bangnidai","39"
"2017-07-30","jq-daikuanshequ","5"
"2017-07-30","jq-haohaojie","113"
"2017-07-30","jq-jima","6"
"2017-07-30","jq-jinxiang","1"
"2017-07-30","jq-laijiezhijia","111"
"2017-07-30","jq-qianxin","2"
"2017-07-30","jq-qingsongjie","26"
"2017-07-30","jq-qubu","6"
"2017-07-30","jq-shunda","498"
"2017-07-30","jq-shundai","105"
"2017-07-30","jq-wanxiangdai","1"
"2017-07-30","jq-weishu","5"
"2017-07-30","jq-xianjinwuyou","71"
"2017-07-30","jq-xinhuadai","1"
"2017-07-30","jq-zhidejie","262"
"2017-07-30","kuaijiekuan-anzhi","2"
"2017-07-30","kuaijiekuan-baidu","6"
"2017-07-30","kuaijiekuan-huawei","15"
"2017-07-30","kuaijiekuan-sougou","3"
"2017-07-30","kuaijiekuan-vivo","14"
"2017-07-30","kuaijiekuan-yyb","18"
"2017-07-30","niwoqianbao-vivo","5"
"2017-07-30","qianbaochaoren-yyb","9"
"2017-07-30","xinyongmiaojie-vivo","1"
"2017-07-31","AppStore","537"
"2017-07-31","haidaikuan-anzhi","2"
"2017-07-31","haidaikuan-baidu","386"
"2017-07-31","haidaikuan-sougou","5"
"2017-07-31","haidaikuan-vivo","46"
"2017-07-31","haidaikuan-yyb","345"
"2017-07-31","haijieqian-360","32"
"2017-07-31","haijieqian-anzhi","9"
"2017-07-31","haijieqian-baidu","17"
"2017-07-31","haijieqian-hjieqian","10"
"2017-07-31","haijieqian-huawei","32"
"2017-07-31","haijieqian-jq-bangnidai","3"
"2017-07-31","haijieqian-jq-daikuanshequ","1"
"2017-07-31","haijieqian-jq-haohaojie","13"
"2017-07-31","haijieqian-jq-laijiezhijia","11"
"2017-07-31","haijieqian-jq-lumiwang","1"
"2017-07-31","haijieqian-jq-shundai","35"
"2017-07-31","haijieqian-jq-xianjinwuyou","7"
"2017-07-31","haijieqian-jq-zhidejie","32"
"2017-07-31","haijieqian-kongzhongloan01","1"
"2017-07-31","haijieqian-leshangdian","1"
"2017-07-31","haijieqian-leshi","9"
"2017-07-31","haijieqian-meizu","22"
"2017-07-31","haijieqian-oppo","179"
"2017-07-31","haijieqian-sougou","2"
"2017-07-31","haijieqian-vivo","104"
"2017-07-31","haijieqian-wandoujia","91"
"2017-07-31","haijieqian-xiaomi","36"
"2017-07-31","haijieqian-yyb","303"
"2017-07-31","hjieqian","62"
"2017-07-31","jisuqiandai-leshi","4"
"2017-07-31","jisuqiandai-vivo","6"
"2017-07-31","jq-","2"
"2017-07-31","jq-bangnidai","34"
"2017-07-31","jq-daikuanshequ","5"
"2017-07-31","jq-haohaojie","100"
"2017-07-31","jq-huaerqianbao","2"
"2017-07-31","jq-jima","6"
"2017-07-31","jq-jinxiang","7"
"2017-07-31","jq-laijiezhijia","74"
"2017-07-31","jq-qingsongjie","16"
"2017-07-31","jq-qubu","5"
"2017-07-31","jq-rongyitui","1"
"2017-07-31","jq-shunda","463"
"2017-07-31","jq-shundai","141"
"2017-07-31","jq-weishu","1"
"2017-07-31","jq-xianjinwuyou","84"
"2017-07-31","jq-xiaoshu","6"
"2017-07-31","jq-yingyanqianbao","3"
"2017-07-31","jq-yinhangdai","2"
"2017-07-31","jq-youyouqianbao","1"
"2017-07-31","jq-zhidejie","278"
"2017-07-31","kuaijiekuan-anzhi","5"
"2017-07-31","kuaijiekuan-baidu","3"
"2017-07-31","kuaijiekuan-huawei","16"
"2017-07-31","kuaijiekuan-leshi","1"
"2017-07-31","kuaijiekuan-sougou","2"
"2017-07-31","kuaijiekuan-vivo","16"
"2017-07-31","kuaijiekuan-yyb","19"
"2017-07-31","kuaikuaijie-vivo","1"
"2017-07-31","niwoqianbao-vivo","4"
"2017-07-31","qianbaochaoren-leshi","1"
"2017-07-31","qianbaochaoren-vivo","3"
"2017-07-31","qianbaochaoren-yyb","14"
"2017-08-01","AppStore","533"
"2017-08-01","haidaikuan-anzhi","1"
"2017-08-01","haidaikuan-baidu","389"
"2017-08-01","haidaikuan-sougou","7"
"2017-08-01","haidaikuan-vivo","49"
"2017-08-01","haidaikuan-yyb","406"
"2017-08-01","haijieqian-360","43"
"2017-08-01","haijieqian-anzhi","7"
"2017-08-01","haijieqian-baidu","20"
"2017-08-01","haijieqian-hjieqian","12"
"2017-08-01","haijieqian-huawei","37"
"2017-08-01","haijieqian-jq-bangnidai","1"
"2017-08-01","haijieqian-jq-daikuanshequ","1"
"2017-08-01","haijieqian-jq-haohaojie","7"
"2017-08-01","haijieqian-jq-laijiezhijia","4"
"2017-08-01","haijieqian-jq-shundai","30"
"2017-08-01","haijieqian-jq-xianjinwuyou","13"
"2017-08-01","haijieqian-jq-zhidejie","31"
"2017-08-01","haijieqian-kongzhongloan01","1"
"2017-08-01","haijieqian-leshi","12"
"2017-08-01","haijieqian-liantongwo","1"
"2017-08-01","haijieqian-meizu","21"
"2017-08-01","haijieqian-oppo","197"
"2017-08-01","haijieqian-sougou","6"
"2017-08-01","haijieqian-vivo","108"
"2017-08-01","haijieqian-wandoujia","80"
"2017-08-01","haijieqian-xiaomi","47"
"2017-08-01","haijieqian-yyb","312"
"2017-08-01","hjieqian","59"
"2017-08-01","jisuqiandai-leshi","4"
"2017-08-01","jisuqiandai-vivo","3"
"2017-08-01","jq-bangnidai","29"
"2017-08-01","jq-daikuanshequ","3"
"2017-08-01","jq-haohaojie","94"
"2017-08-01","jq-huaerqianbao","1"
"2017-08-01","jq-jima","4"
"2017-08-01","jq-jinxiang","7"
"2017-08-01","jq-laijiezhijia","69"
"2017-08-01","jq-lumiwang","1"
"2017-08-01","jq-qingsongjie","8"
"2017-08-01","jq-shunda","524"
"2017-08-01","jq-shundai","101"
"2017-08-01","jq-wanxiangdai","2"
"2017-08-01","jq-weishu","5"
"2017-08-01","jq-xianjinwuyou","80"
"2017-08-01","jq-xiaoshu","16"
"2017-08-01","jq-yinhangdai","2"
"2017-08-01","jq-zhidejie","231"
"2017-08-01","kuaijiekuan-anzhi","3"
"2017-08-01","kuaijiekuan-baidu","3"
"2017-08-01","kuaijiekuan-huawei","6"
"2017-08-01","kuaijiekuan-vivo","19"
"2017-08-01","kuaijiekuan-yyb","26"
"2017-08-01","kuaikuaijie-vivo","2"
"2017-08-01","niwoqianbao-vivo","4"
"2017-08-01","qianbaochaoren-leshi","2"
"2017-08-01","qianbaochaoren-sougou","1"
"2017-08-01","qianbaochaoren-vivo","1"
"2017-08-01","qianbaochaoren-yyb","10"
"2017-08-01","xinyongmiaojie-vivo","2"
"2017-08-02","anzhi","1"
"2017-08-02","AppStore","526"
"2017-08-02","haidaikuan-anzhi","2"
"2017-08-02","haidaikuan-baidu","418"
"2017-08-02","haidaikuan-oppo","1"
"2017-08-02","haidaikuan-sougou","3"
"2017-08-02","haidaikuan-vivo","45"
"2017-08-02","haidaikuan-yyb","358"
"2017-08-02","haijieqian-360","32"
"2017-08-02","haijieqian-anzhi","3"
"2017-08-02","haijieqian-baidu","15"
"2017-08-02","haijieqian-hjieqian","9"
"2017-08-02","haijieqian-huawei","51"
"2017-08-02","haijieqian-jq-bangnidai","1"
"2017-08-02","haijieqian-jq-daikuanshequ","2"
"2017-08-02","haijieqian-jq-haohaojie","6"
"2017-08-02","haijieqian-jq-kuailaiqian","1"
"2017-08-02","haijieqian-jq-laijiezhijia","5"
"2017-08-02","haijieqian-jq-qubu","1"
"2017-08-02","haijieqian-jq-shundai","34"
"2017-08-02","haijieqian-jq-suibianjie","17"
"2017-08-02","haijieqian-jq-xianjinwuyou","8"
"2017-08-02","haijieqian-jq-zhidejie","34"
"2017-08-02","haijieqian-leshi","11"
"2017-08-02","haijieqian-meizu","28"
"2017-08-02","haijieqian-oppo","204"
"2017-08-02","haijieqian-sougou","3"
"2017-08-02","haijieqian-vivo","89"
"2017-08-02","haijieqian-wandoujia","80"
"2017-08-02","haijieqian-xiaomi","49"
"2017-08-02","haijieqian-yyb","303"
"2017-08-02","hjieqian","63"
"2017-08-02","jisuqiandai-vivo","5"
"2017-08-02","jq-bangnidai","29"
"2017-08-02","jq-daikuanshequ","7"
"2017-08-02","jq-haohaojie","95"
"2017-08-02","jq-jinxiang","18"
"2017-08-02","jq-laijiezhijia","71"
"2017-08-02","jq-lumiwang","1"
"2017-08-02","jq-qianxin","1"
"2017-08-02","jq-qingsongjie","19"
"2017-08-02","jq-qubu","2"
"2017-08-02","jq-rongyitui","1"
"2017-08-02","jq-shunda","498"
"2017-08-02","jq-shundai","92"
"2017-08-02","jq-suibianjie","178"
"2017-08-02","jq-wangdaixiaomao","1"
"2017-08-02","jq-wanka618","1"
"2017-08-02","jq-weishu","6"
"2017-08-02","jq-xianjinwuyou","87"
"2017-08-02","jq-xiaoshu","5"
"2017-08-02","jq-yingyanqianbao","4"
"2017-08-02","jq-yinhangdai","4"
"2017-08-02","jq-youxuandai","10"
"2017-08-02","jq-zhidejie","250"
"2017-08-02","jq-zhiyue","283"
"2017-08-02","kuaijiekuan-anzhi","8"
"2017-08-02","kuaijiekuan-baidu","3"
"2017-08-02","kuaijiekuan-huawei","8"
"2017-08-02","kuaijiekuan-leshi","1"
"2017-08-02","kuaijiekuan-vivo","11"
"2017-08-02","kuaijiekuan-yyb","13"
"2017-08-02","kuaikuaijie-vivo","1"
"2017-08-02","niwoqianbao-vivo","5"
"2017-08-02","qianbaochaoren-leshi","2"
"2017-08-02","qianbaochaoren-yyb","12"
"2017-08-02","xinyongmiaojie-vivo","1"
"2017-08-03","","1"
"2017-08-03","AppStore","681"
"2017-08-03","haidaikuan-anzhi","4"
"2017-08-03","haidaikuan-baidu","247"
"2017-08-03","haidaikuan-sougou","2"
"2017-08-03","haidaikuan-vivo","62"
"2017-08-03","haidaikuan-yyb","695"
"2017-08-03","haijieqian-360","47"
"2017-08-03","haijieqian-anzhi","12"
"2017-08-03","haijieqian-baidu","31"
"2017-08-03","haijieqian-hjieqian","6"
"2017-08-03","haijieqian-huawei","34"
"2017-08-03","haijieqian-jq-bangnidai","3"
"2017-08-03","haijieqian-jq-beikeqianbao","7"
"2017-08-03","haijieqian-jq-haohaojie","10"
"2017-08-03","haijieqian-jq-jietianxia","1"
"2017-08-03","haijieqian-jq-jinxiang","3"
"2017-08-03","haijieqian-jq-laijiezhijia","4"
"2017-08-03","haijieqian-jq-qingsongjie","1"
"2017-08-03","haijieqian-jq-shundai","28"
"2017-08-03","haijieqian-jq-suibianjie","34"
"2017-08-03","haijieqian-jq-wangdaixiaomao","1"
"2017-08-03","haijieqian-jq-xianjinwuyou","13"
"2017-08-03","haijieqian-jq-zhidejie","28"
"2017-08-03","haijieqian-kongzhongloan01","3"
"2017-08-03","haijieqian-leshi","12"
"2017-08-03","haijieqian-meizu","31"
"2017-08-03","haijieqian-oppo","210"
"2017-08-03","haijieqian-sougou","3"
"2017-08-03","haijieqian-vivo","179"
"2017-08-03","haijieqian-wandoujia","85"
"2017-08-03","haijieqian-xiaomi","80"
"2017-08-03","haijieqian-yyb","419"
"2017-08-03","hjieqian","50"
"2017-08-03","jisuqiandai-leshi","2"
"2017-08-03","jisuqiandai-vivo","3"
"2017-08-03","jq-bangmangjie","2"
"2017-08-03","jq-bangnidai","37"
"2017-08-03","jq-beikeqianbao","176"
"2017-08-03","jq-beikeqianbao1","21"
"2017-08-03","jq-daikuanshequ","6"
"2017-08-03","jq-haohaojie","113"
"2017-08-03","jq-jietianxia","56"
"2017-08-03","jq-jinxiang","14"
"2017-08-03","jq-laijiezhijia","55"
"2017-08-03","jq-lumiwang","1"
"2017-08-03","jq-qingsongjie","9"
"2017-08-03","jq-qubu","3"
"2017-08-03","jq-rongyitui","1"
"2017-08-03","jq-shunda","512"
"2017-08-03","jq-shundai","119"
"2017-08-03","jq-suibianjie","347"
"2017-08-03","jq-wanka618","4"
"2017-08-03","jq-wanxiangdai","1"
"2017-08-03","jq-weishu","7"
"2017-08-03","jq-xianjinwuyou","109"
"2017-08-03","jq-xiaoshu","3"
"2017-08-03","jq-yingyanqianbao","2"
"2017-08-03","jq-youxuandai","24"
"2017-08-03","jq-zhidejie","241"
"2017-08-03","jq-zhiyue","59"
"2017-08-03","kuaijiekuan-anzhi","3"
"2017-08-03","kuaijiekuan-baidu","7"
"2017-08-03","kuaijiekuan-huawei","13"
"2017-08-03","kuaijiekuan-leshi","1"
"2017-08-03","kuaijiekuan-sougou","1"
"2017-08-03","kuaijiekuan-vivo","17"
"2017-08-03","kuaijiekuan-yyb","10"
"2017-08-03","kuaikuaijie-vivo","1"
"2017-08-03","niwoqianbao-vivo","2"
"2017-08-03","qianbaochaoren-vivo","3"
"2017-08-03","qianbaochaoren-yyb","7"
"2017-08-03","xinyongmiaojie-vivo","1"
"2017-08-04","AppStore","765"
"2017-08-04","haidaikuan-anzhi","2"
"2017-08-04","haidaikuan-baidu","17"
"2017-08-04","haidaikuan-sougou","14"
"2017-08-04","haidaikuan-vivo","43"
"2017-08-04","haidaikuan-yyb","869"
"2017-08-04","haijieqian-360","44"
"2017-08-04","haijieqian-anzhi","5"
"2017-08-04","haijieqian-baidu","22"
"2017-08-04","haijieqian-hjieqian","7"
"2017-08-04","haijieqian-huawei","1"
"2017-08-04","haijieqian-jq-bangnidai","3"
"2017-08-04","haijieqian-jq-beikeqianbao","33"
"2017-08-04","haijieqian-jq-beikeqianbao1","5"
"2017-08-04","haijieqian-jq-haohaojie","5"
"2017-08-04","haijieqian-jq-jietianxia","2"
"2017-08-04","haijieqian-jq-laijiezhijia","1"
"2017-08-04","haijieqian-jq-qingsongjie","2"
"2017-08-04","haijieqian-jq-shundai","17"
"2017-08-04","haijieqian-jq-suibianjie","12"
"2017-08-04","haijieqian-jq-wangdaixiaomao","1"
"2017-08-04","haijieqian-jq-wanka618","1"
"2017-08-04","haijieqian-jq-xianjinwuyou","10"
"2017-08-04","haijieqian-jq-zhidejie","23"
"2017-08-04","haijieqian-leshangdian","1"
"2017-08-04","haijieqian-leshi","5"
"2017-08-04","haijieqian-meizu","33"
"2017-08-04","haijieqian-oppo","230"
"2017-08-04","haijieqian-sougou","4"
"2017-08-04","haijieqian-vivo","175"
"2017-08-04","haijieqian-wandoujia","87"
"2017-08-04","haijieqian-xiaomi","76"
"2017-08-04","haijieqian-yyb","430"
"2017-08-04","hjieqian","61"
"2017-08-04","jisuqiandai-leshi","1"
"2017-08-04","jisuqiandai-vivo","4"
"2017-08-04","jq-1024t","43"
"2017-08-04","jq-bangnidai","54"
"2017-08-04","jq-beikeqianbao","776"
"2017-08-04","jq-beikeqianbao1","103"
"2017-08-04","jq-daikuanshequ","5"
"2017-08-04","jq-haohaojie","106"
"2017-08-04","jq-jietianxia","67"
"2017-08-04","jq-jima","1"
"2017-08-04","jq-jinxiang","13"
"2017-08-04","jq-laijiezhijia","53"
"2017-08-04","jq-qingsongjie","18"
"2017-08-04","jq-qubu","1"
"2017-08-04","jq-shunda","567"
"2017-08-04","jq-shundai","101"
"2017-08-04","jq-suibianjie","213"
"2017-08-04","jq-wangdaixiaomao","1"
"2017-08-04","jq-wanka618","8"
"2017-08-04","jq-weishu","4"
"2017-08-04","jq-xianjinwuyou","114"
"2017-08-04","jq-xiaoshu","4"
"2017-08-04","jq-yingyanqianbao","2"
"2017-08-04","jq-yinhangdai","2"
"2017-08-04","jq-youxuandai","23"
"2017-08-04","jq-zhidejie","196"
"2017-08-04","jq-zhiyue","40"
"2017-08-04","kuaijiekuan-anzhi","3"
"2017-08-04","kuaijiekuan-baidu","14"
"2017-08-04","kuaijiekuan-huawei","10"
"2017-08-04","kuaijiekuan-vivo","12"
"2017-08-04","kuaijiekuan-yyb","9"
"2017-08-04","niwoqianbao-vivo","4"
"2017-08-04","qianbaochaoren-leshi","1"
"2017-08-04","qianbaochaoren-yyb","9"
"2017-08-04","xinyongmiaojie-vivo","2"
"2017-08-05","","3"
"2017-08-05","AppStore","709"
"2017-08-05","haidaikuan-anzhi","2"
"2017-08-05","haidaikuan-baidu","8"
"2017-08-05","haidaikuan-sougou","1"
"2017-08-05","haidaikuan-vivo","46"
"2017-08-05","haidaikuan-yyb","953"
"2017-08-05","haijieqian-360","46"
"2017-08-05","haijieqian-anzhi","8"
"2017-08-05","haijieqian-baidu","11"
"2017-08-05","haijieqian-hjieqian","11"
"2017-08-05","haijieqian-jq-bangnidai","4"
"2017-08-05","haijieqian-jq-beikeqianbao","32"
"2017-08-05","haijieqian-jq-beikeqianbao1","7"
"2017-08-05","haijieqian-jq-daikuanshequ","1"
"2017-08-05","haijieqian-jq-haohaojie","6"
"2017-08-05","haijieqian-jq-laijiezhijia","6"
"2017-08-05","haijieqian-jq-shundai","13"
"2017-08-05","haijieqian-jq-suibianjie","45"
"2017-08-05","haijieqian-jq-xianjinwuyou","13"
"2017-08-05","haijieqian-jq-xiaoshu","1"
"2017-08-05","haijieqian-jq-zhidejie","23"
"2017-08-05","haijieqian-leshi","15"
"2017-08-05","haijieqian-meizu","14"
"2017-08-05","haijieqian-oppo","267"
"2017-08-05","haijieqian-sougou","1"
"2017-08-05","haijieqian-vivo","164"
"2017-08-05","haijieqian-wandoujia","94"
"2017-08-05","haijieqian-xiaomi","70"
"2017-08-05","haijieqian-yyb","385"
"2017-08-05","hjieqian","77"
"2017-08-05","jisuqiandai-vivo","4"
"2017-08-05","jq-1024t","106"
"2017-08-05","jq-bangnidai","70"
"2017-08-05","jq-beikeqianbao","725"
"2017-08-05","jq-beikeqianbao1","85"
"2017-08-05","jq-daikuanshequ","7"
"2017-08-05","jq-haohaojie","95"
"2017-08-05","jq-jietianxia","58"
"2017-08-05","jq-jinxiang","2"
"2017-08-05","jq-laijiezhijia","47"
"2017-08-05","jq-lumiwang","2"
"2017-08-05","jq-qianxin","1"
"2017-08-05","jq-qingsongjie","18"
"2017-08-05","jq-qubu","1"
"2017-08-05","jq-rongtou,","1"
"2017-08-05","jq-shunda","610"
"2017-08-05","jq-shundai","91"
"2017-08-05","jq-suibianjie","612"
"2017-08-05","jq-wanka618","2"
"2017-08-05","jq-weishu","1"
"2017-08-05","jq-xianjinwuyou","116"
"2017-08-05","jq-xiaoshu","7"
"2017-08-05","jq-yinhangdai","3"
"2017-08-05","jq-youxuandai","20"
"2017-08-05","jq-zhidejie","210"
"2017-08-05","jq-zhiyue","19"
"2017-08-05","kuaijiekuan-anzhi","2"
"2017-08-05","kuaijiekuan-baidu","8"
"2017-08-05","kuaijiekuan-huawei","9"
"2017-08-05","kuaijiekuan-leshi","2"
"2017-08-05","kuaijiekuan-sougou","2"
"2017-08-05","kuaijiekuan-vivo","27"
"2017-08-05","kuaijiekuan-yyb","11"
"2017-08-05","kuaikuaijie-vivo","1"
"2017-08-05","niwoqianbao-vivo","7"
"2017-08-05","qianbaochaoren-leshi","2"
"2017-08-05","qianbaochaoren-vivo","2"
"2017-08-05","qianbaochaoren-yyb","8"
"2017-08-05","xinyongmiaojie-vivo","1"
"2017-08-06","AppStore","772"
"2017-08-06","haidaikuan-anzhi","3"
"2017-08-06","haidaikuan-baidu","14"
"2017-08-06","haidaikuan-sougou","3"
"2017-08-06","haidaikuan-vivo","50"
"2017-08-06","haidaikuan-yyb","951"
"2017-08-06","haijieqian-360","31"
"2017-08-06","haijieqian-anzhi","8"
"2017-08-06","haijieqian-baidu","14"
"2017-08-06","haijieqian-hjieqian","14"
"2017-08-06","haijieqian-huawei","1"
"2017-08-06","haijieqian-jq-bangnidai","1"
"2017-08-06","haijieqian-jq-beikeqianbao","25"
"2017-08-06","haijieqian-jq-beikeqianbao1","10"
"2017-08-06","haijieqian-jq-haohaojie","11"
"2017-08-06","haijieqian-jq-jietianxia","1"
"2017-08-06","haijieqian-jq-laijiezhijia","6"
"2017-08-06","haijieqian-jq-qingsongjie","1"
"2017-08-06","haijieqian-jq-shundai","11"
"2017-08-06","haijieqian-jq-suibianjie","22"
"2017-08-06","haijieqian-jq-xianjinwuyou","16"
"2017-08-06","haijieqian-jq-zhidejie","31"
"2017-08-06","haijieqian-leshi","19"
"2017-08-06","haijieqian-meizu","34"
"2017-08-06","haijieqian-oppo","273"
"2017-08-06","haijieqian-sougou","6"
"2017-08-06","haijieqian-vivo","147"
"2017-08-06","haijieqian-wandoujia","74"
"2017-08-06","haijieqian-xiaomi","54"
"2017-08-06","haijieqian-yyb","364"
"2017-08-06","hjieqian","64"
"2017-08-06","jisuqiandai-leshi","2"
"2017-08-06","jisuqiandai-vivo","10"
"2017-08-06","jq-1024t","73"
"2017-08-06","jq-bangnidai","85"
"2017-08-06","jq-beikeqianbao","712"
"2017-08-06","jq-beikeqianbao1","95"
"2017-08-06","jq-daikuanshequ","6"
"2017-08-06","jq-haohaojie","145"
"2017-08-06","jq-jietianxia","68"
"2017-08-06","jq-jiuxiangda","5"
"2017-08-06","jq-kuailaiqian","1"
"2017-08-06","jq-laijiezhijia","33"
"2017-08-06","jq-qingsongjie","20"
"2017-08-06","jq-shunda","662"
"2017-08-06","jq-shundai","64"
"2017-08-06","jq-suibianjie","373"
"2017-08-06","jq-wanka618","2"
"2017-08-06","jq-weishu","4"
"2017-08-06","jq-xianjinwuyou","123"
"2017-08-06","jq-xiaoshu","4"
"2017-08-06","jq-yinhangdai","4"
"2017-08-06","jq-youxuandai","16"
"2017-08-06","jq-zhidejie","236"
"2017-08-06","jq-zhiyue","71"
"2017-08-06","kuaijiekuan-anzhi","4"
"2017-08-06","kuaijiekuan-baidu","10"
"2017-08-06","kuaijiekuan-huawei","6"
"2017-08-06","kuaijiekuan-leshi","2"
"2017-08-06","kuaijiekuan-sougou","2"
"2017-08-06","kuaijiekuan-vivo","12"
"2017-08-06","kuaijiekuan-yyb","13"
"2017-08-06","niwoqianbao-vivo","8"
"2017-08-06","qianbaochaoren-leshi","2"
"2017-08-06","qianbaochaoren-vivo","1"
"2017-08-06","qianbaochaoren-yyb","10"
"2017-08-07","","2"
"2017-08-07","AppStore","689"
"2017-08-07","haidaikuan-baidu","8"
"2017-08-07","haidaikuan-sougou","14"
"2017-08-07","haidaikuan-vivo","41"
"2017-08-07","haidaikuan-yyb","962"
"2017-08-07","haijieqian-360","32"
"2017-08-07","haijieqian-anzhi","13"
"2017-08-07","haijieqian-baidu","18"
"2017-08-07","haijieqian-hjieqian","7"
"2017-08-07","haijieqian-jq-bangnidai","2"
"2017-08-07","haijieqian-jq-beikeqianbao","16"
"2017-08-07","haijieqian-jq-beikeqianbao1","7"
"2017-08-07","haijieqian-jq-haohaojie","6"
"2017-08-07","haijieqian-jq-qingsongjie","2"
"2017-08-07","haijieqian-jq-shundai","10"
"2017-08-07","haijieqian-jq-suibianjie","21"
"2017-08-07","haijieqian-jq-wanka618","1"
"2017-08-07","haijieqian-jq-xianjinwuyou","20"
"2017-08-07","haijieqian-jq-zhidejie","23"
"2017-08-07","haijieqian-kongzhongloan01","1"
"2017-08-07","haijieqian-leshi","9"
"2017-08-07","haijieqian-meizu","35"
"2017-08-07","haijieqian-oppo","269"
"2017-08-07","haijieqian-sougou","1"
"2017-08-07","haijieqian-vivo","127"
"2017-08-07","haijieqian-wandoujia","72"
"2017-08-07","haijieqian-xiaomi","57"
"2017-08-07","haijieqian-yyb","366"
"2017-08-07","hjieqian","53"
"2017-08-07","jisuqiandai-leshi","7"
"2017-08-07","jisuqiandai-vivo","6"
"2017-08-07","jq-1024t","82"
"2017-08-07","jq-bangnidai","113"
"2017-08-07","jq-beikeqianbao","263"
"2017-08-07","jq-beikeqianbao1","32"
"2017-08-07","jq-daikuanshequ","5"
"2017-08-07","jq-haohaojie","154"
"2017-08-07","jq-jietianxia","59"
"2017-08-07","jq-jima","1"
"2017-08-07","jq-jinxiang","6"
"2017-08-07","jq-jiuxiangda","2"
"2017-08-07","jq-kuailaiqian","2"
"2017-08-07","jq-laijiezhijia","52"
"2017-08-07","jq-lumiwang","5"
"2017-08-07","jq-qingsongjie","27"
"2017-08-07","jq-qubu","3"
"2017-08-07","jq-shunda","736"
"2017-08-07","jq-shundai","79"
"2017-08-07","jq-suibianjie","310"
"2017-08-07","jq-wangdaixiaomao","1"
"2017-08-07","jq-wanka618","7"
"2017-08-07","jq-weishu","10"
"2017-08-07","jq-xianjinwuyou","173"
"2017-08-07","jq-yinhangdai","1"
"2017-08-07","jq-youxuandai","22"
"2017-08-07","jq-zhidejie","235"
"2017-08-07","jq-zhiyue","22"
"2017-08-07","kuaijiekuan-anzhi","2"
"2017-08-07","kuaijiekuan-baidu","10"
"2017-08-07","kuaijiekuan-huawei","5"
"2017-08-07","kuaijiekuan-leshi","1"
"2017-08-07","kuaijiekuan-sougou","1"
"2017-08-07","kuaijiekuan-vivo","15"
"2017-08-07","kuaijiekuan-yyb","11"
"2017-08-07","niwoqianbao-vivo","6"
"2017-08-07","qianbaochaoren-leshi","1"
"2017-08-07","qianbaochaoren-vivo","3"
"2017-08-07","qianbaochaoren-yyb","5"
"2017-08-08","AppStore","658"
"2017-08-08","haidaikuan-baidu","4"
"2017-08-08","haidaikuan-sougou","6"
"2017-08-08","haidaikuan-vivo","41"
"2017-08-08","haidaikuan-yyb","976"
"2017-08-08","haijieqian-360","41"
"2017-08-08","haijieqian-anzhi","10"
"2017-08-08","haijieqian-baidu","19"
"2017-08-08","haijieqian-haijieqian-H5","6"
"2017-08-08","haijieqian-hjieqian","8"
"2017-08-08","haijieqian-jq-bangnidai","1"
"2017-08-08","haijieqian-jq-beikeqianbao","1"
"2017-08-08","haijieqian-jq-haohaojie","4"
"2017-08-08","haijieqian-jq-jietianxia","1"
"2017-08-08","haijieqian-jq-lumiwang","1"
"2017-08-08","haijieqian-jq-qingsongjie","1"
"2017-08-08","haijieqian-jq-shundai","15"
"2017-08-08","haijieqian-jq-suibianjie","15"
"2017-08-08","haijieqian-jq-wanka618","1"
"2017-08-08","haijieqian-jq-xianjinwuyou","15"
"2017-08-08","haijieqian-jq-zhidejie","24"
"2017-08-08","haijieqian-kongzhongloan01","1"
"2017-08-08","haijieqian-leshi","10"
"2017-08-08","haijieqian-liantongwo","2"
"2017-08-08","haijieqian-meizu","27"
"2017-08-08","haijieqian-oppo","245"
"2017-08-08","haijieqian-sougou","3"
"2017-08-08","haijieqian-vivo","151"
"2017-08-08","haijieqian-wandoujia","79"
"2017-08-08","haijieqian-xiaomi","38"
"2017-08-08","haijieqian-yyb","324"
"2017-08-08","hjieqian","53"
"2017-08-08","jisuqiandai-leshi","3"
"2017-08-08","jisuqiandai-vivo","4"
"2017-08-08","jq-1024t","82"
"2017-08-08","jq-bangnidai","35"
"2017-08-08","jq-daikuanshequ","5"
"2017-08-08","jq-haohaojie","186"
"2017-08-08","jq-jietianxia","97"
"2017-08-08","jq-jima","1"
"2017-08-08","jq-jinxiang","5"
"2017-08-08","jq-jiuxiangda","1"
"2017-08-08","jq-kadai","3"
"2017-08-08","jq-laijiezhijia","39"
"2017-08-08","jq-lumiwang","1"
"2017-08-08","jq-qingsongjie","10"
"2017-08-08","jq-rongtou,","1"
"2017-08-08","jq-shunda","666"
"2017-08-08","jq-shundai","93"
"2017-08-08","jq-suibianjie","299"
"2017-08-08","jq-wanka618","6"
"2017-08-08","jq-weishu","9"
"2017-08-08","jq-xianjinwuyou","163"
"2017-08-08","jq-xiaoshu","3"
"2017-08-08","jq-yingyanqianbao","1"
"2017-08-08","jq-youxuandai","13"
"2017-08-08","jq-zhidejie","247"
"2017-08-08","jq-zhiyue","12"
"2017-08-08","kuaijiekuan-anzhi","1"
"2017-08-08","kuaijiekuan-baidu","4"
"2017-08-08","kuaijiekuan-huawei","8"
"2017-08-08","kuaijiekuan-leshi","1"
"2017-08-08","kuaijiekuan-sougou","2"
"2017-08-08","kuaijiekuan-vivo","9"
"2017-08-08","kuaijiekuan-yyb","18"
"2017-08-08","kuaikuaijie-vivo","1"
"2017-08-08","niwoqianbao-vivo","1"
"2017-08-08","qianbaochaoren-vivo","2"
"2017-08-08","qianbaochaoren-yyb","4"
"2017-08-09","","2"
"2017-08-09","AppStore","1124"
"2017-08-09","haidaikuan-anzhi","3"
"2017-08-09","haidaikuan-baidu","6"
"2017-08-09","haidaikuan-sougou","9"
"2017-08-09","haidaikuan-vivo","35"
"2017-08-09","haidaikuan-yyb","1020"
"2017-08-09","haijieqian-360","58"
"2017-08-09","haijieqian-anzhi","9"
"2017-08-09","haijieqian-baidu","27"
"2017-08-09","haijieqian-hjieqian","6"
"2017-08-09","haijieqian-jq-bangnidai","3"
"2017-08-09","haijieqian-jq-beikeqianbao","10"
"2017-08-09","haijieqian-jq-beikeqianbao1","2"
"2017-08-09","haijieqian-jq-haohaojie","6"
"2017-08-09","haijieqian-jq-jietianxia","1"
"2017-08-09","haijieqian-jq-jinxiang","1"
"2017-08-09","haijieqian-jq-laijiezhijia","2"
"2017-08-09","haijieqian-jq-shundai","13"
"2017-08-09","haijieqian-jq-suibianjie","20"
"2017-08-09","haijieqian-jq-xianjinwuyou","14"
"2017-08-09","haijieqian-jq-xinyongmao","1"
"2017-08-09","haijieqian-jq-zhidejie","29"
"2017-08-09","haijieqian-leshi","11"
"2017-08-09","haijieqian-meizu","38"
"2017-08-09","haijieqian-oppo","334"
"2017-08-09","haijieqian-sougou","6"
"2017-08-09","haijieqian-vivo","213"
"2017-08-09","haijieqian-wandoujia","119"
"2017-08-09","haijieqian-xiaomi","103"
"2017-08-09","haijieqian-yyb","558"
"2017-08-09","hjieqian","82"
"2017-08-09","jisuqiandai-vivo","7"
"2017-08-09","jq-1024t","104"
"2017-08-09","jq-51jieniqian","99"
"2017-08-09","jq-bangmangjie","3"
"2017-08-09","jq-bangnidai","64"
"2017-08-09","jq-beikeqianbao","459"
"2017-08-09","jq-beikeqianbao1","56"
"2017-08-09","jq-daikuanshequ","4"
"2017-08-09","jq-haohaojie","176"
"2017-08-09","jq-jietianxia","70"
"2017-08-09","jq-jinxiang","36"
"2017-08-09","jq-jiuxiangda","1"
"2017-08-09","jq-kadai","2"
"2017-08-09","jq-laijiezhijia","38"
"2017-08-09","jq-lumiwang","2"
"2017-08-09","jq-qianxin","2"
"2017-08-09","jq-shunda","678"
"2017-08-09","jq-shundai","99"
"2017-08-09","jq-suibianjie","309"
"2017-08-09","jq-wanka618","8"
"2017-08-09","jq-weishu","12"
"2017-08-09","jq-xianjinwuyou","170"
"2017-08-09","jq-xiaoshu","2"
"2017-08-09","jq-xinyongmao","19"
"2017-08-09","jq-yingyanqianbao","1"
"2017-08-09","jq-yinhangdai","7"
"2017-08-09","jq-youxuandai","54"
"2017-08-09","jq-zhidejie","220"
"2017-08-09","jq-zhiyue","13"
"2017-08-09","kuaijiekuan-anzhi","2"
"2017-08-09","kuaijiekuan-baidu","3"
"2017-08-09","kuaijiekuan-huawei","16"
"2017-08-09","kuaijiekuan-leshi","2"
"2017-08-09","kuaijiekuan-vivo","12"
"2017-08-09","kuaijiekuan-yyb","5"
"2017-08-09","niwoqianbao-vivo","4"
"2017-08-09","qianbaochaoren-leshi","1"
"2017-08-09","qianbaochaoren-vivo","2"
"2017-08-09","qianbaochaoren-yyb","2"
"2017-08-10","","1"
"2017-08-10","AppStore","998"
"2017-08-10","haidaikuan-anzhi","2"
"2017-08-10","haidaikuan-baidu","8"
"2017-08-10","haidaikuan-sougou","7"
"2017-08-10","haidaikuan-vivo","41"
"2017-08-10","haidaikuan-yyb","910"
"2017-08-10","haijieqian-360","67"
"2017-08-10","haijieqian-anzhi","9"
"2017-08-10","haijieqian-baidu","26"
"2017-08-10","haijieqian-hjieqian","11"
"2017-08-10","haijieqian-jq-51jieniqian","23"
"2017-08-10","haijieqian-jq-bangnidai","1"
"2017-08-10","haijieqian-jq-beikeqianbao","34"
"2017-08-10","haijieqian-jq-beikeqianbao1","5"
"2017-08-10","haijieqian-jq-haohaojie","7"
"2017-08-10","haijieqian-jq-jietianxia","1"
"2017-08-10","haijieqian-jq-juhexinyong1","1"
"2017-08-10","haijieqian-jq-laijiezhijia","7"
"2017-08-10","haijieqian-jq-shundai","13"
"2017-08-10","haijieqian-jq-suibianjie","22"
"2017-08-10","haijieqian-jq-xianjinwuyou","16"
"2017-08-10","haijieqian-jq-xinyongmao","4"
"2017-08-10","haijieqian-jq-zhidejie","22"
"2017-08-10","haijieqian-kongzhongloan01","1"
"2017-08-10","haijieqian-leshi","10"
"2017-08-10","haijieqian-meizu","39"
"2017-08-10","haijieqian-oppo","270"
"2017-08-10","haijieqian-sougou","10"
"2017-08-10","haijieqian-vivo","222"
"2017-08-10","haijieqian-wandoujia","95"
"2017-08-10","haijieqian-xiaomi","82"
"2017-08-10","haijieqian-yyb","552"
"2017-08-10","hjieqian","49"
"2017-08-10","jisuqiandai-leshi","1"
"2017-08-10","jisuqiandai-vivo","4"
"2017-08-10","jq-1024t","73"
"2017-08-10","jq-51jieniqian","431"
"2017-08-10","jq-aikamao","1"
"2017-08-10","jq-bangmangjie","2"
"2017-08-10","jq-bangnidai","42"
"2017-08-10","jq-beikeqianbao","810"
"2017-08-10","jq-beikeqianbao1","129"
"2017-08-10","jq-daikuanshequ","6"
"2017-08-10","jq-haohaojie","114"
"2017-08-10","jq-henxiangdai","1"
"2017-08-10","jq-jietianxia","54"
"2017-08-10","jq-jinxiang","3"
"2017-08-10","jq-kadai","1"
"2017-08-10","jq-kuailaiqian","1"
"2017-08-10","jq-laijiezhijia","45"
"2017-08-10","jq-qubu","1"
"2017-08-10","jq-rongtou,","1"
"2017-08-10","jq-shunda","630"
"2017-08-10","jq-shundai","74"
"2017-08-10","jq-suibianjie","217"
"2017-08-10","jq-wangdaixiaomao","2"
"2017-08-10","jq-wanka618","4"
"2017-08-10","jq-weishu","11"
"2017-08-10","jq-xianjinwuyou","148"
"2017-08-10","jq-xiaoshu","7"
"2017-08-10","jq-xinyongmao","48"
"2017-08-10","jq-youxuandai","37"
"2017-08-10","jq-zhidejie","153"
"2017-08-10","jq-zhiyue","4"
"2017-08-10","kuaijiekuan-anzhi","2"
"2017-08-10","kuaijiekuan-baidu","6"
"2017-08-10","kuaijiekuan-huawei","16"
"2017-08-10","kuaijiekuan-leshi","2"
"2017-08-10","kuaijiekuan-vivo","19"
"2017-08-10","kuaijiekuan-yyb","7"
"2017-08-10","niwoqianbao-vivo","4"
"2017-08-10","qianbaochaoren-vivo","1"
"2017-08-10","qianbaochaoren-yyb","9"
"2017-08-11","AppStore","801"
"2017-08-11","haidaikuan-anzhi","1"
"2017-08-11","haidaikuan-baidu","4"
"2017-08-11","haidaikuan-oppo","1"
"2017-08-11","haidaikuan-sougou","2"
"2017-08-11","haidaikuan-vivo","43"
"2017-08-11","haidaikuan-yyb","924"
"2017-08-11","haijieqian-360","41"
"2017-08-11","haijieqian-anzhi","11"
"2017-08-11","haijieqian-baidu","15"
"2017-08-11","haijieqian-hjieqian","15"
"2017-08-11","haijieqian-jq-51jieniqian","41"
"2017-08-11","haijieqian-jq-bangnidai","1"
"2017-08-11","haijieqian-jq-beikeqianbao","35"
"2017-08-11","haijieqian-jq-beikeqianbao1","9"
"2017-08-11","haijieqian-jq-daikuanshequ","1"
"2017-08-11","haijieqian-jq-haohaojie","12"
"2017-08-11","haijieqian-jq-jietianxia","1"
"2017-08-11","haijieqian-jq-laijiezhijia","4"
"2017-08-11","haijieqian-jq-shundai","12"
"2017-08-11","haijieqian-jq-suibianjie","15"
"2017-08-11","haijieqian-jq-wanka618","1"
"2017-08-11","haijieqian-jq-xianjinwuyou","22"
"2017-08-11","haijieqian-jq-xinyongmao","7"
"2017-08-11","haijieqian-jq-yuyongjinfu","5"
"2017-08-11","haijieqian-jq-zhidejie","31"
"2017-08-11","haijieqian-jq-zhiyue","2"
"2017-08-11","haijieqian-leshi","12"
"2017-08-11","haijieqian-meizu","30"
"2017-08-11","haijieqian-oppo","238"
"2017-08-11","haijieqian-sougou","4"
"2017-08-11","haijieqian-vivo","200"
"2017-08-11","haijieqian-wandoujia","80"
"2017-08-11","haijieqian-xiaomi","58"
"2017-08-11","haijieqian-yyb","407"
"2017-08-11","hjieqian","57"
"2017-08-11","jisuqiandai-leshi","2"
"2017-08-11","jisuqiandai-vivo","3"
"2017-08-11","jq-1024t","78"
"2017-08-11","jq-51jieniqian","354"
"2017-08-11","jq-bangnidai","80"
"2017-08-11","jq-beikeqianbao","811"
"2017-08-11","jq-beikeqianbao1","96"
"2017-08-11","jq-daikuanshequ","3"
"2017-08-11","jq-haohaojie","86"
"2017-08-11","jq-jietianxia","63"
"2017-08-11","jq-jinxiang","32"
"2017-08-11","jq-jiuxiangda","1"
"2017-08-11","jq-juhexinyong1","1"
"2017-08-11","jq-kadai","1"
"2017-08-11","jq-laijiezhijia","30"
"2017-08-11","jq-shunda","558"
"2017-08-11","jq-shundai","90"
"2017-08-11","jq-suibianjie","167"
"2017-08-11","jq-wanka618","3"
"2017-08-11","jq-weishu","10"
"2017-08-11","jq-xianjinwuyou","130"
"2017-08-11","jq-xiaoshu","5"
"2017-08-11","jq-xinyongmao","49"
"2017-08-11","jq-yinhangdai","3"
"2017-08-11","jq-youxuandai","21"
"2017-08-11","jq-yuyongjinfu","67"
"2017-08-11","jq-zhidejie","170"
"2017-08-11","jq-zhiyue","88"
"2017-08-11","kuaijiekuan-anzhi","3"
"2017-08-11","kuaijiekuan-baidu","7"
"2017-08-11","kuaijiekuan-huawei","15"
"2017-08-11","kuaijiekuan-sougou","1"
"2017-08-11","kuaijiekuan-vivo","21"
"2017-08-11","kuaijiekuan-yyb","4"
"2017-08-11","niwoqianbao-vivo","5"
"2017-08-11","qianbaochaoren-leshi","1"
"2017-08-11","qianbaochaoren-vivo","1"
"2017-08-11","qianbaochaoren-yyb","7"
"2017-08-12","AppStore","709"
"2017-08-12","haidaikuan-baidu","6"
"2017-08-12","haidaikuan-sougou","6"
"2017-08-12","haidaikuan-vivo","35"
"2017-08-12","haidaikuan-yyb","834"
"2017-08-12","haijieqian-360","39"
"2017-08-12","haijieqian-anzhi","6"
"2017-08-12","haijieqian-baidu","25"
"2017-08-12","haijieqian-hjieqian","20"
"2017-08-12","haijieqian-jq-51jieniqian","2"
"2017-08-12","haijieqian-jq-bangnidai","2"
"2017-08-12","haijieqian-jq-beikeqianbao","36"
"2017-08-12","haijieqian-jq-beikeqianbao1","9"
"2017-08-12","haijieqian-jq-daikuanshequ","2"
"2017-08-12","haijieqian-jq-haohaojie","7"
"2017-08-12","haijieqian-jq-jietianxia","1"
"2017-08-12","haijieqian-jq-laijiezhijia","2"
"2017-08-12","haijieqian-jq-shundai","19"
"2017-08-12","haijieqian-jq-suibianjie","61"
"2017-08-12","haijieqian-jq-wanka618","2"
"2017-08-12","haijieqian-jq-xianjinwuyou","20"
"2017-08-12","haijieqian-jq-xinyongmao","7"
"2017-08-12","haijieqian-jq-yuyongjinfu","18"
"2017-08-12","haijieqian-jq-zhidejie","22"
"2017-08-12","haijieqian-kongzhongloan01","1"
"2017-08-12","haijieqian-leshi","13"
"2017-08-12","haijieqian-meizu","20"
"2017-08-12","haijieqian-oppo","246"
"2017-08-12","haijieqian-sougou","2"
"2017-08-12","haijieqian-vivo","160"
"2017-08-12","haijieqian-wandoujia","79"
"2017-08-12","haijieqian-xiaomi","62"
"2017-08-12","haijieqian-yyb","382"
"2017-08-12","hjieqian","89"
"2017-08-12","jisuqiandai-leshi","2"
"2017-08-12","jisuqiandai-vivo","6"
"2017-08-12","jq-1024t","78"
"2017-08-12","jq-bangnidai","106"
"2017-08-12","jq-beikeqianbao","740"
"2017-08-12","jq-beikeqianbao1","94"
"2017-08-12","jq-daikuanshequ","3"
"2017-08-12","jq-haohaojie","68"
"2017-08-12","jq-jietianxia","70"
"2017-08-12","jq-jiuxiangda","2"
"2017-08-12","jq-juhexinyong1","3"
"2017-08-12","jq-kadai","1"
"2017-08-12","jq-laijiezhijia","28"
"2017-08-12","jq-lumiwang","1"
"2017-08-12","jq-rongyitui","1"
"2017-08-12","jq-shunda","521"
"2017-08-12","jq-shundai","75"
"2017-08-12","jq-suibianjie","598"
"2017-08-12","jq-wanka618","4"
"2017-08-12","jq-weishu","11"
"2017-08-12","jq-xianjinwuyou","130"
"2017-08-12","jq-xiaoshu","8"
"2017-08-12","jq-xinyongmao","40"
"2017-08-12","jq-youxuandai","22"
"2017-08-12","jq-yuyongjinfu","151"
"2017-08-12","jq-zhidejie","181"
"2017-08-12","jq-zhiyue","30"
"2017-08-12","kuaijiekuan-anzhi","1"
"2017-08-12","kuaijiekuan-baidu","6"
"2017-08-12","kuaijiekuan-huawei","14"
"2017-08-12","kuaijiekuan-sougou","1"
"2017-08-12","kuaijiekuan-vivo","15"
"2017-08-12","kuaijiekuan-yyb","15"
"2017-08-12","kuaikuaijie-vivo","1"
"2017-08-12","niwoqianbao-vivo","6"
"2017-08-12","qianbaochaoren-leshi","1"
"2017-08-12","qianbaochaoren-vivo","3"
"2017-08-12","qianbaochaoren-yyb","5"
"2017-08-12","wxgz","1"
"2017-08-12","xinyongmiaojie-vivo","1"
"2017-08-13","","3"
"2017-08-13","AppStore","702"
"2017-08-13","haidaikuan-anzhi","1"
"2017-08-13","haidaikuan-baidu","5"
"2017-08-13","haidaikuan-sougou","6"
"2017-08-13","haidaikuan-vivo","27"
"2017-08-13","haidaikuan-yyb","884"
"2017-08-13","haijieqian-360","53"
"2017-08-13","haijieqian-anzhi","13"
"2017-08-13","haijieqian-baidu","16"
"2017-08-13","haijieqian-hjieqian","25"
"2017-08-13","haijieqian-jq-bangnidai","2"
"2017-08-13","haijieqian-jq-beikeqianbao","27"
"2017-08-13","haijieqian-jq-beikeqianbao1","10"
"2017-08-13","haijieqian-jq-daikuanshequ","1"
"2017-08-13","haijieqian-jq-laijiezhijia","4"
"2017-08-13","haijieqian-jq-shundai","12"
"2017-08-13","haijieqian-jq-suibianjie","24"
"2017-08-13","haijieqian-jq-xianjinwuyou","18"
"2017-08-13","haijieqian-jq-xinyongmao","1"
"2017-08-13","haijieqian-jq-yuyongjinfu","19"
"2017-08-13","haijieqian-jq-zhidejie","19"
"2017-08-13","haijieqian-kongzhongloan01","1"
"2017-08-13","haijieqian-leshi","14"
"2017-08-13","haijieqian-meizu","21"
"2017-08-13","haijieqian-oppo","248"
"2017-08-13","haijieqian-sougou","4"
"2017-08-13","haijieqian-vivo","201"
"2017-08-13","haijieqian-wandoujia","76"
"2017-08-13","haijieqian-xiaomi","66"
"2017-08-13","haijieqian-yyb","434"
"2017-08-13","hjieqian","102"
"2017-08-13","jisuqiandai-leshi","3"
"2017-08-13","jisuqiandai-vivo","2"
"2017-08-13","jq-1024t","75"
"2017-08-13","jq-bangmangjie","1"
"2017-08-13","jq-bangnidai","83"
"2017-08-13","jq-beikeqianbao","684"
"2017-08-13","jq-beikeqianbao1","87"
"2017-08-13","jq-daikuanshequ","2"
"2017-08-13","jq-haohaojie","56"
"2017-08-13","jq-jietianxia","62"
"2017-08-13","jq-jiuxiangda","3"
"2017-08-13","jq-juhexinyong1","5"
"2017-08-13","jq-laijiezhijia","39"
"2017-08-13","jq-lumiwang","1"
"2017-08-13","jq-qianxin","1"
"2017-08-13","jq-qingsongjie","1"
"2017-08-13","jq-shunda","452"
"2017-08-13","jq-shundai","75"
"2017-08-13","jq-suibianjie","273"
"2017-08-13","jq-wanka618","3"
"2017-08-13","jq-weishu","13"
"2017-08-13","jq-xianjinwuyou","121"
"2017-08-13","jq-xiaoshu","1"
"2017-08-13","jq-xinyongmao","35"
"2017-08-13","jq-yinhangdai","2"
"2017-08-13","jq-youxuandai","21"
"2017-08-13","jq-yuyongjinfu","135"
"2017-08-13","jq-zhidejie","188"
"2017-08-13","jq-zhiyue","27"
"2017-08-13","kuaijiekuan-anzhi","1"
"2017-08-13","kuaijiekuan-baidu","6"
"2017-08-13","kuaijiekuan-huawei","9"
"2017-08-13","kuaijiekuan-sougou","2"
"2017-08-13","kuaijiekuan-vivo","19"
"2017-08-13","kuaijiekuan-yyb","11"
"2017-08-13","niwoqianbao-vivo","4"
"2017-08-13","qianbaochaoren-vivo","2"
"2017-08-13","qianbaochaoren-yyb","6"
"2017-08-13","xinyongmiaojie-vivo","1"
"2017-08-14","","3"
"2017-08-14","AppStore","740"
"2017-08-14","haidaikuan-baidu","3"
"2017-08-14","haidaikuan-sougou","5"
"2017-08-14","haidaikuan-vivo","20"
"2017-08-14","haidaikuan-yyb","903"
"2017-08-14","haijieqian-360","44"
"2017-08-14","haijieqian-anzhi","10"
"2017-08-14","haijieqian-baidu","12"
"2017-08-14","haijieqian-haijieqian-H5","1"
"2017-08-14","haijieqian-hjieqian","22"
"2017-08-14","haijieqian-jq-bangnidai","2"
"2017-08-14","haijieqian-jq-beikeqianbao","17"
"2017-08-14","haijieqian-jq-beikeqianbao1","8"
"2017-08-14","haijieqian-jq-haohaojie","5"
"2017-08-14","haijieqian-jq-laijiezhijia","1"
"2017-08-14","haijieqian-jq-rongxiang1","2"
"2017-08-14","haijieqian-jq-shundai","7"
"2017-08-14","haijieqian-jq-suibianjie","19"
"2017-08-14","haijieqian-jq-xianjinwuyou","19"
"2017-08-14","haijieqian-jq-xinyongmao","5"
"2017-08-14","haijieqian-jq-yuyongjinfu","13"
"2017-08-14","haijieqian-jq-zhidejie","13"
"2017-08-14","haijieqian-leshi","11"
"2017-08-14","haijieqian-meizu","24"
"2017-08-14","haijieqian-oppo","219"
"2017-08-14","haijieqian-sougou","4"
"2017-08-14","haijieqian-vivo","196"
"2017-08-14","haijieqian-wandoujia","59"
"2017-08-14","haijieqian-xiaomi","60"
"2017-08-14","haijieqian-yyb","416"
"2017-08-14","hjieqian","82"
"2017-08-14","jisuqiandai-leshi","5"
"2017-08-14","jisuqiandai-vivo","5"
"2017-08-14","jq-1024t","81"
"2017-08-14","jq-bangnidai","92"
"2017-08-14","jq-beikeqianbao","564"
"2017-08-14","jq-beikeqianbao1","83"
"2017-08-14","jq-daikuanshequ","5"
"2017-08-14","jq-haohaojie","58"
"2017-08-14","jq-jietianxia","42"
"2017-08-14","jq-jima","1"
"2017-08-14","jq-jinxiang","2"
"2017-08-14","jq-jiuxiangda","3"
"2017-08-14","jq-juhexinyong1","1"
"2017-08-14","jq-laijiezhijia","31"
"2017-08-14","jq-lumiwang","1"
"2017-08-14","jq-rongxiang1","27"
"2017-08-14","jq-shunda","476"
"2017-08-14","jq-shundai","74"
"2017-08-14","jq-suibianjie","232"
"2017-08-14","jq-wanka618","6"
"2017-08-14","jq-weishu","11"
"2017-08-14","jq-xianjinwuyou","145"
"2017-08-14","jq-xiaoshu","2"
"2017-08-14","jq-xinyongmao","34"
"2017-08-14","jq-youxuandai","19"
"2017-08-14","jq-yuyongjinfu","92"
"2017-08-14","jq-zhidejie","191"
"2017-08-14","jq-zhiyue","27"
"2017-08-14","kuaijiekuan-360","1"
"2017-08-14","kuaijiekuan-baidu","5"
"2017-08-14","kuaijiekuan-huawei","12"
"2017-08-14","kuaijiekuan-leshi","1"
"2017-08-14","kuaijiekuan-sougou","2"
"2017-08-14","kuaijiekuan-vivo","15"
"2017-08-14","kuaijiekuan-yyb","15"
"2017-08-14","niwoqianbao-vivo","3"
"2017-08-14","qianbaochaoren-leshi","2"
"2017-08-14","qianbaochaoren-yyb","3"
"2017-08-14","xinyongmiaojie-vivo","1"
"2017-08-15","AppStore","613"
"2017-08-15","haidaikuan-anzhi","1"
"2017-08-15","haidaikuan-baidu","4"
"2017-08-15","haidaikuan-sougou","2"
"2017-08-15","haidaikuan-vivo","41"
"2017-08-15","haidaikuan-yyb","601"
"2017-08-15","haijieqian-360","41"
"2017-08-15","haijieqian-anzhi","6"
"2017-08-15","haijieqian-baidu","14"
"2017-08-15","haijieqian-hjieqian","17"
"2017-08-15","haijieqian-jq-bangnidai","2"
"2017-08-15","haijieqian-jq-beikeqianbao","12"
"2017-08-15","haijieqian-jq-beikeqianbao1","5"
"2017-08-15","haijieqian-jq-haohaojie","3"
"2017-08-15","haijieqian-jq-jietianxia","1"
"2017-08-15","haijieqian-jq-laijiezhijia","6"
"2017-08-15","haijieqian-jq-rongxiang1","13"
"2017-08-15","haijieqian-jq-shundai","16"
"2017-08-15","haijieqian-jq-suibianjie","16"
"2017-08-15","haijieqian-jq-xianjinwuyou","8"
"2017-08-15","haijieqian-jq-xinyongmao","5"
"2017-08-15","haijieqian-jq-yuyongjinfu","1"
"2017-08-15","haijieqian-jq-zhidejie","22"
"2017-08-15","haijieqian-jq-zhiyue","1"
"2017-08-15","haijieqian-kongzhongloan01","1"
"2017-08-15","haijieqian-leshi","13"
"2017-08-15","haijieqian-meizu","20"
"2017-08-15","haijieqian-oppo","207"
"2017-08-15","haijieqian-sougou","6"
"2017-08-15","haijieqian-vivo","192"
"2017-08-15","haijieqian-wandoujia","89"
"2017-08-15","haijieqian-xiaomi","62"
"2017-08-15","haijieqian-yyb","316"
"2017-08-15","hjieqian","53"
"2017-08-15","jisuqiandai-leshi","1"
"2017-08-15","jisuqiandai-vivo","5"
"2017-08-15","jq-1024t","86"
"2017-08-15","jq-bangmangjie","1"
"2017-08-15","jq-bangnidai","124"
"2017-08-15","jq-beikeqianbao","383"
"2017-08-15","jq-beikeqianbao1","74"
"2017-08-15","jq-daikuanshequ","3"
"2017-08-15","jq-haohaojie","53"
"2017-08-15","jq-jietianxia","37"
"2017-08-15","jq-jinxiang","2"
"2017-08-15","jq-jiuxiangda","2"
"2017-08-15","jq-koudaizhijia","35"
"2017-08-15","jq-laijiezhijia","25"
"2017-08-15","jq-quanmindaikuan","12"
"2017-08-15","jq-rongxiang1","178"
"2017-08-15","jq-shunda","445"
"2017-08-15","jq-shundai","61"
"2017-08-15","jq-suibianjie","149"
"2017-08-15","jq-wangdaixiaomao","3"
"2017-08-15","jq-wanka618","2"
"2017-08-15","jq-weishu","10"
"2017-08-15","jq-xianjinwuyou","130"
"2017-08-15","jq-xiaoshu","2"
"2017-08-15","jq-xinyongmao","26"
"2017-08-15","jq-yinhangdai","2"
"2017-08-15","jq-youxuandai","14"
"2017-08-15","jq-yuandaorong","2"
"2017-08-15","jq-zhidejie","156"
"2017-08-15","jq-zhiyue","34"
"2017-08-15","kuaijiekuan-360","1"
"2017-08-15","kuaijiekuan-anzhi","2"
"2017-08-15","kuaijiekuan-baidu","4"
"2017-08-15","kuaijiekuan-huawei","16"
"2017-08-15","kuaijiekuan-leshi","5"
"2017-08-15","kuaijiekuan-sougou","2"
"2017-08-15","kuaijiekuan-vivo","12"
"2017-08-15","kuaijiekuan-yyb","8"
"2017-08-15","niwoqianbao-vivo","3"
"2017-08-15","qianbaochaoren-leshi","1"
"2017-08-15","qianbaochaoren-vivo","2"
"2017-08-15","qianbaochaoren-yyb","9"
"2017-08-16","","1"
"2017-08-16","AppStore","650"
"2017-08-16","haidaikuan-anzhi","1"
"2017-08-16","haidaikuan-baidu","3"
"2017-08-16","haidaikuan-sougou","2"
"2017-08-16","haidaikuan-vivo","26"
"2017-08-16","haidaikuan-yyb","400"
"2017-08-16","haijieqian-360","41"
"2017-08-16","haijieqian-anzhi","13"
"2017-08-16","haijieqian-baidu","15"
"2017-08-16","haijieqian-haijieqian-H5","9"
"2017-08-16","haijieqian-hjieqian","11"
"2017-08-16","haijieqian-jq-1024t","14"
"2017-08-16","haijieqian-jq-bangnidai","57"
"2017-08-16","haijieqian-jq-beikeqianbao","96"
"2017-08-16","haijieqian-jq-beikeqianbao1","26"
"2017-08-16","haijieqian-jq-daikuanshequ","2"
"2017-08-16","haijieqian-jq-haohaojie","24"
"2017-08-16","haijieqian-jq-jietianxia","3"
"2017-08-16","haijieqian-jq-jiuxiangda","4"
"2017-08-16","haijieqian-jq-koudaizhijia","30"
"2017-08-16","haijieqian-jq-laijiezhijia","21"
"2017-08-16","haijieqian-jq-lumiwang","1"
"2017-08-16","haijieqian-jq-qingsongjie","1"
"2017-08-16","haijieqian-jq-quanmindaikuan","3"
"2017-08-16","haijieqian-jq-rongxiang1","54"
"2017-08-16","haijieqian-jq-shunda","125"
"2017-08-16","haijieqian-jq-shundai","31"
"2017-08-16","haijieqian-jq-suibianjie","100"
"2017-08-16","haijieqian-jq-wanka618","1"
"2017-08-16","haijieqian-jq-weishu","3"
"2017-08-16","haijieqian-jq-xianjinwuyou","22"
"2017-08-16","haijieqian-jq-xiaoshu","1"
"2017-08-16","haijieqian-jq-xingpingshe","2"
"2017-08-16","haijieqian-jq-xinyongmao","14"
"2017-08-16","haijieqian-jq-youxuandai","18"
"2017-08-16","haijieqian-jq-yuandaorong","1"
"2017-08-16","haijieqian-jq-zhidejie","48"
"2017-08-16","haijieqian-jq-zhiyue","4"
"2017-08-16","haijieqian-leshi","16"
"2017-08-16","haijieqian-meizu","22"
"2017-08-16","haijieqian-oppo","201"
"2017-08-16","haijieqian-sougou","5"
"2017-08-16","haijieqian-vivo","194"
"2017-08-16","haijieqian-wandoujia","67"
"2017-08-16","haijieqian-xiaomi","56"
"2017-08-16","haijieqian-yyb","355"
"2017-08-16","hjieqian","23"
"2017-08-16","jisuqiandai-leshi","1"
"2017-08-16","jisuqiandai-vivo","4"
"2017-08-16","jq-1024t","51"
"2017-08-16","jq-bangmangjie","1"
"2017-08-16","jq-bangnidai","112"
"2017-08-16","jq-beikeqianbao","262"
"2017-08-16","jq-beikeqianbao1","73"
"2017-08-16","jq-daikuanshequ","8"
"2017-08-16","jq-haohaojie","32"
"2017-08-16","jq-jietianxia","14"
"2017-08-16","jq-jinxiang","5"
"2017-08-16","jq-jiuxiangda","3"
"2017-08-16","jq-juhexinyong1","1"
"2017-08-16","jq-koudaizhijia","99"
"2017-08-16","jq-laijiezhijia","19"
"2017-08-16","jq-lumiwang","2"
"2017-08-16","jq-miaodaoqian","1"
"2017-08-16","jq-qingsongjie","1"
"2017-08-16","jq-quanmindaikuan","22"
"2017-08-16","jq-rongxiang1","144"
"2017-08-16","jq-rongyitui","1"
"2017-08-16","jq-shunda","310"
"2017-08-16","jq-shundai","39"
"2017-08-16","jq-suibianjie","64"
"2017-08-16","jq-weishu","4"
"2017-08-16","jq-xianjinwuyou","62"
"2017-08-16","jq-xiaoshu","1"
"2017-08-16","jq-xinyongmao","22"
"2017-08-16","jq-youxuandai","15"
"2017-08-16","jq-yuandaorong","2"
"2017-08-16","jq-zhidejie","93"
"2017-08-16","jq-zhiyue","22"
"2017-08-16","kuaijiekuan-anzhi","3"
"2017-08-16","kuaijiekuan-baidu","8"
"2017-08-16","kuaijiekuan-huawei","14"
"2017-08-16","kuaijiekuan-sougou","1"
"2017-08-16","kuaijiekuan-vivo","8"
"2017-08-16","kuaijiekuan-yyb","9"
"2017-08-16","kuaikuaijie-vivo","1"
"2017-08-16","niwoqianbao-vivo","3"
"2017-08-16","qianbaochaoren-vivo","1"
"2017-08-16","qianbaochaoren-yyb","4"
"2017-08-16","xinyongmiaojie-vivo","2"
"2017-08-16","yyb","1"
"2017-08-17","","2"
"2017-08-17","AppStore","821"
"2017-08-17","haidaikuan-baidu","6"
"2017-08-17","haidaikuan-sougou","2"
"2017-08-17","haidaikuan-vivo","32"
"2017-08-17","haidaikuan-yyb","363"
"2017-08-17","haijieqian-360","40"
"2017-08-17","haijieqian-anzhi","5"
"2017-08-17","haijieqian-baidu","15"
"2017-08-17","haijieqian-haijieqian-H5","1"
"2017-08-17","haijieqian-hjieqian","119"
"2017-08-17","haijieqian-jq-1024t","69"
"2017-08-17","haijieqian-jq-bangnidai","431"
"2017-08-17","haijieqian-jq-beikeqianbao","878"
"2017-08-17","haijieqian-jq-beikeqianbao1","71"
"2017-08-17","haijieqian-jq-boluodai","257"
"2017-08-17","haijieqian-jq-daikuanshequ","4"
"2017-08-17","haijieqian-jq-haohaojie","75"
"2017-08-17","haijieqian-jq-jietianxia","13"
"2017-08-17","haijieqian-jq-jinxiang","1"
"2017-08-17","haijieqian-jq-jiuxiangda","2"
"2017-08-17","haijieqian-jq-juhexinyong1","1"
"2017-08-17","haijieqian-jq-koudaizhijia","92"
"2017-08-17","haijieqian-jq-laijiezhijia","28"
"2017-08-17","haijieqian-jq-lumiwang","3"
"2017-08-17","haijieqian-jq-qianxin","1"
"2017-08-17","haijieqian-jq-quanmindaikuan","18"
"2017-08-17","haijieqian-jq-quyouqian","24"
"2017-08-17","haijieqian-jq-rongxiang1","177"
"2017-08-17","haijieqian-jq-rongxiang2","31"
"2017-08-17","haijieqian-jq-shunda","313"
"2017-08-17","haijieqian-jq-shundai","152"
"2017-08-17","haijieqian-jq-suibianjie","186"
"2017-08-17","haijieqian-jq-wanka618","4"
"2017-08-17","haijieqian-jq-weishu","12"
"2017-08-17","haijieqian-jq-xianjinwuyou","134"
"2017-08-17","haijieqian-jq-xiaoshu","1"
"2017-08-17","haijieqian-jq-xinyongmao","15"
"2017-08-17","haijieqian-jq-youxuandai","32"
"2017-08-17","haijieqian-jq-yuandaorong","3"
"2017-08-17","haijieqian-jq-zhidejie","98"
"2017-08-17","haijieqian-jq-zhiyue","15"
"2017-08-17","haijieqian-leshi","14"
"2017-08-17","haijieqian-meizu","25"
"2017-08-17","haijieqian-oppo","256"
"2017-08-17","haijieqian-sougou","6"
"2017-08-17","haijieqian-vivo","227"
"2017-08-17","haijieqian-wandoujia","86"
"2017-08-17","haijieqian-xiaomi","49"
"2017-08-17","haijieqian-yyb","411"
"2017-08-17","jisuqiandai-leshi","1"
"2017-08-17","jisuqiandai-vivo","6"
"2017-08-17","kuaijiekuan-anzhi","3"
"2017-08-17","kuaijiekuan-baidu","4"
"2017-08-17","kuaijiekuan-huawei","14"
"2017-08-17","kuaijiekuan-leshi","1"
"2017-08-17","kuaijiekuan-sougou","2"
"2017-08-17","kuaijiekuan-vivo","12"
"2017-08-17","kuaijiekuan-yyb","12"
"2017-08-17","niwoqianbao-vivo","4"
"2017-08-17","qianbaochaoren-leshi","1"
"2017-08-17","qianbaochaoren-vivo","2"
"2017-08-17","qianbaochaoren-yyb","1"